Feature_0,Feature_1,Feature_2,Feature_3,Feature_4,Feature_5,Feature_6,Feature_7,Feature_8,Feature_9,Speaker_Number_Andrew,Speaker_Number_Bill,Speaker_Number_David,Speaker_Number_Jo,Speaker_Number_Kate,Speaker_Number_Mark,Speaker_Number_Mike,Speaker_Number_Nick,Speaker_Number_Penny,Speaker_Number_Rich,Speaker_Number_Rose,Speaker_Number_Sarah,Speaker_Number_Sue,Speaker_Number_Tim,Speaker_Number_Wendy,Sex_Female,Sex_Male,y_true
0.7209411764705883,0.4614051669817265,0.5441551812149056,0.35050184891706293,0.488377968671046,0.3578880809358204,0.5724489795918366,0.36314525810324133,0.44455852156057496,0.44603381014304294,0.0,0.0,0.0,0.0,0.0,0.0,0.0,0.0,0.0,0.0,0.0,0.0,0.0,1.0,0.0,0.0,1.0,0
0.5632941176470588,0.40044108380592314,0.3471158754466565,0.5589012150026413,0.6382011116725619,0.3926651912741068,0.6210884353741496,0.48379351740696286,0.3155373032169747,0.42295188556566976,0.0,0.0,0.0,0.0,0.0,0.0,0.0,0.0,0.0,1.0,0.0,0.0,0.0,0.0,0.0,0.0,1.0,1
0.4503529411764706,0.6543793320730938,0.41551812149055645,0.2926571579503434,0.2796867104598282,0.5165981662978185,0.6207482993197277,0.6446578631452582,0.37132101300479126,0.3309492847854356,0.0,0.0,0.0,0.0,0.0,0.0,0.0,1.0,0.0,0.0,0.0,0.0,0.0,0.0,0.0,0.0,1.0,3
0.26117647058823534,0.6480781348456206,0.43006636038795304,0.3885367142102483,0.3521980798383022,0.6765728738539362,0.47346938775510194,0.5210084033613446,0.5687885010266941,0.3475292587776333,0.0,0.0,0.0,0.0,0.0,0.0,0.0,1.0,0.0,0.0,0.0,0.0,0.0,0.0,0.0,0.0,1.0,4
0.5929411764705883,0.5332388153749212,0.3624298111281266,0.41811938721605924,0.3734209196563921,0.40056907998735375,0.5170068027210883,0.5846338535414166,0.3815879534565366,0.4512353706111834,0.0,0.0,0.0,0.0,0.0,0.0,0.0,1.0,0.0,0.0,0.0,0.0,0.0,0.0,0.0,0.0,1.0,6
0.35552941176470587,0.490705734089477,0.46248085758039814,0.48864236661384053,0.44062657908034364,0.5456844767625671,0.5826530612244897,0.5663265306122449,0.3203285420944558,0.41352405721716523,0.0,0.0,0.0,0.0,0.0,0.0,0.0,1.0,0.0,0.0,0.0,0.0,0.0,0.0,0.0,0.0,1.0,7
0.09035294117647052,0.7348771266540643,0.6094946401225115,0.5303750660327523,0.3547246083880748,0.49857730003161554,0.5530612244897958,0.3238295318127251,0.7292950034223136,0.522106631989597,0.0,0.0,0.0,0.0,0.0,0.0,0.0,1.0,0.0,0.0,0.0,0.0,0.0,0.0,0.0,0.0,1.0,10
0.615764705882353,0.2985192186515438,0.5602348136804493,0.5097728473322769,0.6030823648307226,0.6449573190009484,0.40816326530612235,0.4663865546218488,0.43839835728952775,0.38036410923276986,0.0,0.0,0.0,0.0,0.0,0.0,1.0,0.0,0.0,0.0,0.0,0.0,0.0,0.0,0.0,0.0,1.0,1
0.3887058823529411,0.5356017643352237,0.5211842776927004,0.6502905441098785,0.09146033350176858,0.37464432500790384,0.7085034013605441,0.4843937575030013,0.7036276522929501,0.5078023407022108,1.0,0.0,0.0,0.0,0.0,0.0,0.0,0.0,0.0,0.0,0.0,0.0,0.0,0.0,0.0,0.0,1.0,3
0.30400000000000005,0.6063327032136105,0.7549770290964778,0.3552562070787111,0.5267812026275897,0.5425229212772684,0.479251700680272,0.5717286914765907,0.37953456536618757,0.37093628088426533,0.0,0.0,0.0,0.0,0.0,0.0,0.0,0.0,0.0,0.0,0.0,0.0,0.0,0.0,1.0,1.0,0.0,4
0.5529411764705882,0.5300882167611847,0.5298621745788668,0.25647120972002113,0.37493683678625567,0.3645273474549478,0.8006802721088434,0.4192677070828332,0.3874058863791924,0.4642392717815345,0.0,0.0,0.0,1.0,0.0,0.0,0.0,0.0,0.0,0.0,0.0,0.0,0.0,0.0,0.0,1.0,0.0,5
0.584,0.4519533711405167,0.5964777947932619,0.416270470153196,0.5411824153612936,0.38349668036674045,0.5510204081632653,0.3766506602641057,0.608829568788501,0.32769830949284784,0.0,0.0,0.0,0.0,0.0,0.0,0.0,0.0,0.0,0.0,0.0,0.0,0.0,1.0,0.0,0.0,1.0,6
0.43200000000000005,0.4809388783868935,0.4249617151607964,0.4730586370839937,0.5325922182920667,0.5314574770787227,0.5646258503401359,0.6182472989195679,0.6283367556468173,0.4366059817945384,0.0,0.0,0.0,0.0,0.0,0.0,1.0,0.0,0.0,0.0,0.0,0.0,0.0,0.0,0.0,0.0,1.0,7
0.37341176470588233,0.24873976055450536,0.4540581929555896,0.8365029054410988,0.488377968671046,0.7938665823585204,0.42993197278911555,0.5564225690276111,0.3545516769336071,0.2721066319895969,1.0,0.0,0.0,0.0,0.0,0.0,0.0,0.0,0.0,0.0,0.0,0.0,0.0,0.0,0.0,0.0,1.0,8
0.27364705882352947,0.7919029615626969,0.3412455334354263,0.3169572107765452,0.4034866093986862,0.5396775213404995,0.6741496598639455,0.6029411764705883,0.5071868583162218,0.5913524057217165,0.0,0.0,0.0,0.0,0.0,0.0,0.0,0.0,0.0,0.0,0.0,0.0,0.0,1.0,0.0,0.0,1.0,9
0.24729411764705878,0.6439823566477632,0.7769270035732516,0.5316957210776545,0.6849418898433552,0.41511223521972807,0.4302721088435373,0.6233493397358945,0.21013004791238876,0.2922626788036411,0.0,0.0,0.0,1.0,0.0,0.0,0.0,0.0,0.0,0.0,0.0,0.0,0.0,0.0,0.0,1.0,0.0,10
0.4844705882352941,0.2142407057340895,0.5518121490556407,0.6014263074484945,0.8112683173319859,0.5023711666139741,0.3452380952380951,0.38655462184873957,0.27104722792607805,0.703185955786736,0.0,0.0,0.0,0.0,0.0,0.0,0.0,0.0,1.0,0.0,0.0,0.0,0.0,0.0,0.0,1.0,0.0,2
0.5089411764705882,0.6444549464398236,0.4553343542623788,0.26756471209720023,0.3759474482061647,0.5551691432184636,0.7520408163265305,0.5939375750300121,0.3429158110882957,0.5289336801040313,0.0,0.0,0.0,0.0,0.0,0.0,0.0,0.0,0.0,0.0,0.0,0.0,0.0,0.0,1.0,1.0,0.0,3
0.2738823529411766,0.6143667296786389,0.48238897396630936,0.5895404120443741,0.47018696311268315,0.27948150490041096,0.5394557823129251,0.6527611044417768,0.674880219028063,0.4801690507152146,0.0,0.0,0.0,0.0,0.0,0.0,0.0,0.0,0.0,1.0,0.0,0.0,0.0,0.0,0.0,0.0,1.0,4
0.5908235294117646,0.6465028355387523,0.5354772843287392,0.3806127839408347,0.2953511874684184,0.40341447992412266,0.46564625850340124,0.5438175270108044,0.6098562628336756,0.3754876462938882,0.0,1.0,0.0,0.0,0.0,0.0,0.0,0.0,0.0,0.0,0.0,0.0,0.0,0.0,0.0,0.0,1.0,5
0.5155294117647059,0.36342155009451793,0.5740173557937723,0.29661912308505023,0.5596260737746337,0.3386025924754979,0.6493197278911563,0.5570228091236495,0.2005475701574264,0.497074122236671,0.0,0.0,0.0,1.0,0.0,0.0,0.0,0.0,0.0,0.0,0.0,0.0,0.0,0.0,0.0,1.0,0.0,7
0.12188235294117655,0.6962822936357909,0.6000510464522716,0.5272054939249868,0.3527033855482567,0.5978501422699968,0.48741496598639444,0.38175270108043224,0.7700205338809035,0.4837451235370612,0.0,0.0,0.0,0.0,0.0,0.0,0.0,1.0,0.0,0.0,0.0,0.0,0.0,0.0,0.0,0.0,1.0,10
0.6115294117647059,0.4217076244486453,0.4127105666156202,0.49630216587427367,0.4242041435068216,0.3186847929181157,0.5023809523809523,0.1911764705882353,0.4377138945927447,0.5744473342002602,0.0,0.0,0.0,0.0,1.0,0.0,0.0,0.0,0.0,0.0,0.0,0.0,0.0,0.0,0.0,1.0,0.0,0
0.5183529411764706,0.6546943919344675,0.40505359877488517,0.42868462757527737,0.39464375947448205,0.20202339551059117,0.6755102040816325,0.47959183673469397,0.6933607118412047,0.4486345903771132,0.0,0.0,0.0,0.0,0.0,0.0,0.0,0.0,0.0,0.0,0.0,0.0,0.0,1.0,0.0,0.0,1.0,3
0.6225882352941177,0.4954316320100819,0.5661051556916794,0.42155309033280514,0.37165234967155125,0.348719570028454,0.4112244897959183,0.4432773109243698,0.6711156741957564,0.38003901170351106,0.0,0.0,0.0,0.0,0.0,0.0,0.0,0.0,0.0,0.0,0.0,0.0,0.0,1.0,0.0,0.0,1.0,5
0.5889411764705882,0.6039697542533081,0.5227156712608474,0.45773903856312737,0.4494694290045478,0.399936768890294,0.5537414965986394,0.3769507803121249,0.40349075975359344,0.657997399219766,0.0,0.0,0.0,0.0,0.0,0.0,0.0,0.0,0.0,0.0,0.0,1.0,0.0,0.0,0.0,1.0,0.0,6
0.5122352941176471,0.0,0.701888718734048,0.7739038563127312,0.7041435068216271,0.7771103382864369,0.3999999999999999,0.24759903961584637,0.29876796714579057,0.7142392717815346,0.0,0.0,0.0,1.0,0.0,0.0,0.0,0.0,0.0,0.0,0.0,0.0,0.0,0.0,0.0,1.0,0.0,8
0.27717647058823525,0.8419974795211089,0.48519652884124553,0.4057052297939779,0.17180394138453764,0.4603224786595005,0.5897959183673468,0.6014405762304923,0.716290212183436,0.4466840052015605,0.0,0.0,0.0,0.0,0.0,0.0,0.0,1.0,0.0,0.0,0.0,0.0,0.0,0.0,0.0,0.0,1.0,9
0.5425882352941177,0.5647448015122873,0.4668198060234814,0.37797147385103014,0.2541687721071248,0.3433449257034461,0.6816326530612244,0.5333133253301321,0.49828884325804246,0.32639791937581275,0.0,0.0,0.0,0.0,1.0,0.0,0.0,0.0,0.0,0.0,0.0,0.0,0.0,0.0,0.0,1.0,0.0,5
0.4569411764705882,0.5927851291745432,0.44078611536498213,0.4651347068145801,0.5141485598787267,0.4008852355358836,0.43095238095238086,0.46068427370948384,0.3730321697467488,0.5494148244473342,0.0,0.0,0.0,0.0,0.0,0.0,0.0,0.0,0.0,0.0,0.0,1.0,0.0,0.0,0.0,1.0,0.0,7
0.3823529411764707,0.14083175803402648,0.5431342521694742,0.717379820390914,0.9383527033855483,0.5773000316155548,0.5840136054421767,0.13865546218487398,0.39082819986310746,0.6105331599479844,0.0,0.0,0.0,0.0,0.0,0.0,0.0,0.0,1.0,0.0,0.0,0.0,0.0,0.0,0.0,1.0,0.0,8
0.26917647058823524,0.8163201008191556,0.6181725370086779,0.27231907025884844,0.24355735219807984,0.2848561492254189,0.695578231292517,0.6890756302521008,0.5622861054072553,0.48537061118335506,0.0,0.0,0.0,1.0,0.0,0.0,0.0,0.0,0.0,0.0,0.0,0.0,0.0,0.0,0.0,1.0,0.0,9
0.16870588235294126,0.4425015752993069,0.5084226646248086,0.8251452720549394,0.5485093481556341,0.8624723363895036,0.3979591836734693,0.4966986794717888,0.35249828884325807,0.45156046814044215,0.0,0.0,0.0,0.0,0.0,0.0,0.0,0.0,0.0,0.0,0.0,0.0,0.0,1.0,0.0,0.0,1.0,10
0.7061176470588235,0.30482041587901704,0.48647269014803474,0.6730058108821977,0.5975240020212228,0.28770154916218776,0.310204081632653,0.27821128451380556,0.4404517453798768,0.7272431729518857,0.0,0.0,0.0,0.0,0.0,0.0,0.0,0.0,1.0,0.0,0.0,0.0,0.0,0.0,0.0,1.0,0.0,1
0.5065882352941177,0.46502835538752363,0.545176110260337,0.30480718436344434,0.5469934310257706,0.48308567815365155,0.46394557823129245,0.4558823529411765,0.6211498973305956,0.35338101430429136,0.0,1.0,0.0,0.0,0.0,0.0,0.0,0.0,0.0,0.0,0.0,0.0,0.0,0.0,0.0,0.0,1.0,7
0.20470588235294107,0.7542533081285443,0.5191424196018377,0.09561542525092448,0.41889843355229917,0.42554536832121403,0.7329931972789114,0.6284513805522209,0.4154688569472964,0.29356306892067624,0.0,0.0,0.0,0.0,0.0,0.0,0.0,0.0,1.0,0.0,0.0,0.0,0.0,0.0,0.0,1.0,0.0,9
0.3828235294117647,0.39792060491493386,0.6189382337927514,0.806920232435288,0.7362304194037392,0.6228264306038571,0.5554421768707483,0.30042016806722693,0.16427104722792607,0.6996098829648896,0.0,0.0,0.0,0.0,0.0,0.0,0.0,0.0,0.0,0.0,0.0,0.0,0.0,0.0,1.0,1.0,0.0,2
0.6463529411764706,0.5107120352867045,0.6413986727922409,0.3927628103539356,0.40045477513895905,0.28770154916218776,0.5401360544217686,0.5669267707082833,0.6409993155373033,0.40409622886866065,0.0,0.0,0.0,0.0,0.0,1.0,0.0,0.0,0.0,0.0,0.0,0.0,0.0,0.0,0.0,0.0,1.0,6
0.07788235294117651,0.6833648393194707,0.6500765696784073,0.48679344955097736,0.39211723092470946,0.5478975656022763,0.6078231292517006,0.41356542617046826,0.5838466803559207,0.6908322496749025,0.0,1.0,0.0,0.0,0.0,0.0,0.0,0.0,0.0,0.0,0.0,0.0,0.0,0.0,0.0,0.0,1.0,10
0.6649411764705883,0.35979836168872087,0.44231750893312916,0.4698890649762283,0.7357251136937848,0.41321530192854883,0.6639455782312924,0.48349339735894364,0.2792607802874743,0.32542262678803646,0.0,0.0,0.0,0.0,0.0,0.0,0.0,0.0,0.0,0.0,0.0,0.0,0.0,1.0,0.0,0.0,1.0,1
0.5463529411764706,0.19454946439823567,0.5086778968861665,0.5620707871104068,0.8163213744315312,0.5814100537464433,0.3816326530612244,0.41716686674669873,0.2594113620807666,0.6618985695708713,0.0,0.0,0.0,0.0,0.0,0.0,0.0,0.0,1.0,0.0,0.0,0.0,0.0,0.0,0.0,1.0,0.0,2
0.36988235294117655,0.2665406427221172,0.46375701888718734,0.8420496566296884,0.49494694290045477,0.7786911160290862,0.39081632653061216,0.5468187274909965,0.2529089664613279,0.2815344603381015,1.0,0.0,0.0,0.0,0.0,0.0,0.0,0.0,0.0,0.0,0.0,0.0,0.0,0.0,0.0,0.0,1.0,8
0.275764705882353,0.7818210459987398,0.37774374680959677,0.335446381405177,0.40045477513895905,0.4498893455580145,0.7047619047619047,0.5276110444177672,0.6184120465434634,0.6007802340702211,0.0,0.0,0.0,0.0,0.0,0.0,0.0,0.0,0.0,0.0,0.0,0.0,0.0,1.0,0.0,0.0,1.0,9
0.7491764705882353,0.5404851921865155,0.55895865237366,0.3164289487585843,0.47018696311268315,0.2914954157445463,0.46292517006802714,0.3343337334933974,0.4551676933607119,0.6410923276983096,0.0,0.0,0.0,0.0,0.0,0.0,0.0,0.0,0.0,0.0,0.0,1.0,0.0,0.0,0.0,1.0,0.0,0
0.7449411764705882,0.32971014492753625,0.26212353241449726,0.5443740095087164,0.3602829711975746,0.37559279165349346,0.4931972789115645,0.6260504201680673,0.35797399041752226,0.5419375812743824,0.0,0.0,0.0,0.0,0.0,0.0,0.0,1.0,0.0,0.0,0.0,0.0,0.0,0.0,0.0,0.0,1.0,1
0.45858823529411763,0.351291745431632,0.4328739152628892,0.7757527733755945,0.5320869125821122,0.5731900094846665,0.4816326530612244,0.5378151260504203,0.2132101300479124,0.3442782834850455,0.0,0.0,0.0,0.0,0.0,0.0,0.0,1.0,0.0,0.0,0.0,0.0,0.0,0.0,0.0,0.0,1.0,2
0.40894117647058825,0.5437933207309389,0.42547217968351203,0.558637083993661,0.10535624052551795,0.5105912108757509,0.6663265306122448,0.4933973589435775,0.6978097193702943,0.45936280884265285,1.0,0.0,0.0,0.0,0.0,0.0,0.0,0.0,0.0,0.0,0.0,0.0,0.0,0.0,0.0,0.0,1.0,3
0.5287058823529412,0.6435097668557026,0.29862174578866774,0.45773903856312737,0.34007074279939364,0.6971229845083782,0.5659863945578231,0.2776110444177671,0.3203285420944558,0.7064369310793239,0.0,0.0,0.0,0.0,0.0,0.0,0.0,0.0,0.0,0.0,0.0,0.0,1.0,0.0,0.0,1.0,0.0,5
0.30799999999999994,0.7655954631379962,0.7200102092904543,0.1954569466455362,0.2627589691763517,0.34492570344609547,0.6795918367346938,0.6317527010804322,0.4887063655030801,0.7200910273081925,0.0,1.0,0.0,0.0,0.0,0.0,0.0,0.0,0.0,0.0,0.0,0.0,0.0,0.0,0.0,0.0,1.0,9
0.17741176470588238,0.4388783868935098,0.5035732516590097,0.8380876914949815,0.5533097524002021,0.8523553588365476,0.4098639455782312,0.44477791116446586,0.3737166324435318,0.41124837451235374,0.0,0.0,0.0,0.0,0.0,0.0,0.0,0.0,0.0,0.0,0.0,0.0,0.0,1.0,0.0,0.0,1.0,10
0.4814117647058823,0.2649653434152489,0.38693210821847884,0.6909667194928686,0.46210207175341084,0.8716408472968701,0.4496598639455781,0.6050420168067228,0.3836413415468857,0.40799739921976597,1.0,0.0,0.0,0.0,0.0,0.0,0.0,0.0,0.0,0.0,0.0,0.0,0.0,0.0,0.0,0.0,1.0,2
0.4115294117647058,0.6178323881537493,0.5206738131699847,0.37216059165346016,0.432289034866094,0.5067973442933924,0.7163265306122448,0.36644657863145264,0.5246406570841889,0.2867360208062419,0.0,0.0,0.0,0.0,1.0,0.0,0.0,0.0,0.0,0.0,0.0,0.0,0.0,0.0,0.0,1.0,0.0,3
0.2515294117647058,0.7448015122873346,0.4680959673302706,0.4437400950871633,0.38630621526023246,0.5150173885551692,0.7142857142857142,0.5441176470588236,0.5116358658453115,0.43888166449934984,0.0,0.0,0.0,0.0,0.0,0.0,0.0,0.0,0.0,0.0,0.0,0.0,0.0,1.0,0.0,0.0,1.0,4
0.4992941176470589,0.5691556395715186,0.38642164369576315,0.4944532488114105,0.24204143506821624,0.43597850142269995,0.726190476190476,0.25300120048019215,0.5246406570841889,0.5334850455136542,1.0,0.0,0.0,0.0,0.0,0.0,0.0,0.0,0.0,0.0,0.0,0.0,0.0,0.0,0.0,0.0,1.0,6
0.756,0.43651543793320735,0.37825421133231246,0.5092445853143159,0.22511369378473978,0.39013594688586783,0.6156462585034013,0.4333733493397359,0.4428473648186174,0.3868660598179454,0.0,0.0,0.0,0.0,0.0,0.0,0.0,1.0,0.0,0.0,0.0,0.0,0.0,0.0,0.0,0.0,1.0,0
0.5672941176470588,0.6116887208569628,0.19423175089331296,0.3816693079767565,0.29964628600303184,0.5927916534935187,0.5877551020408163,0.40126050420168075,0.49555099247091033,0.4700910273081925,0.0,0.0,0.0,0.0,0.0,0.0,0.0,1.0,0.0,0.0,0.0,0.0,0.0,0.0,0.0,0.0,1.0,5
0.45176470588235296,0.5667926906112162,0.46145992853496687,0.4474379292128896,0.6488125315816069,0.4404046791021182,0.4455782312925169,0.4225690276110445,0.19404517453798764,0.7727568270481144,0.0,0.0,0.0,0.0,0.0,0.0,0.0,0.0,0.0,0.0,0.0,0.0,0.0,0.0,1.0,1.0,0.0,7
0.23529411764705876,0.6435097668557026,0.6388463501786625,0.5832012678288432,0.667256189994947,0.4211191906417957,0.10816326530612236,0.31662665066026413,0.2789185489390828,0.4187256176853056,0.0,0.0,0.0,0.0,0.0,0.0,0.0,0.0,0.0,0.0,0.0,0.0,0.0,0.0,1.0,1.0,0.0,10
0.6042352941176471,0.5190611216131065,0.3118938233792752,0.5726360274696249,0.4257200606366852,0.3145747707872273,0.5119047619047619,0.3445378151260505,0.4958932238193019,0.8257477243172953,0.0,0.0,0.0,0.0,0.0,0.0,0.0,0.0,0.0,0.0,0.0,0.0,0.0,0.0,1.0,1.0,0.0,0
0.4924705882352942,0.25677378701953374,0.7309851965288412,0.7543581616481776,0.7566953006568975,0.39298134682263675,0.21156462585034003,0.22418967587034816,0.3340177960301164,0.6011053315994799,0.0,0.0,0.0,1.0,0.0,0.0,0.0,0.0,0.0,0.0,0.0,0.0,0.0,0.0,0.0,1.0,0.0,2
0.49858823529411767,0.6754883427851291,0.5564063297600816,0.36793449550977286,0.2958564931783729,0.3259563705343029,0.4455782312925169,0.4981992797118848,0.8798767967145791,0.5162548764629389,0.0,1.0,0.0,0.0,0.0,0.0,0.0,0.0,0.0,0.0,0.0,0.0,0.0,0.0,0.0,0.0,1.0,3
0.26541176470588235,0.5461562696912414,0.5091883614088821,0.5557316428948759,0.6008084891359272,0.3980398355991147,0.33299319727891147,0.351140456182473,0.37063655030800824,0.6684005201560469,0.0,0.0,0.0,0.0,0.0,0.0,0.0,0.0,0.0,0.0,0.0,0.0,1.0,0.0,0.0,1.0,0.0,4
0.584,0.5321361058601135,0.5058703420112303,0.4086106708927629,0.4027286508337544,0.4081568131520708,0.5731292517006802,0.26590636254501804,0.18959616700889803,0.7493498049414825,0.0,0.0,0.0,0.0,0.0,0.0,0.0,0.0,1.0,0.0,0.0,0.0,0.0,0.0,0.0,1.0,0.0,6
0.4531764705882353,0.4443919344675488,0.4058192955589587,0.6143687268885368,0.5694795351187468,0.3914005690799873,0.519047619047619,0.5387154861944778,0.3613963039014374,0.31371911573472044,0.0,0.0,0.0,0.0,0.0,0.0,0.0,0.0,0.0,0.0,0.0,0.0,0.0,1.0,0.0,0.0,1.0,7
0.40494117647058825,0.12602394454946442,0.6824910668708525,0.8335974643423139,0.7225871652349671,0.6775213404995257,0.24523809523809514,0.1518607442977191,0.47604380561259413,0.6794538361508453,0.0,0.0,0.0,0.0,0.0,0.0,0.0,0.0,0.0,0.0,0.0,1.0,0.0,0.0,0.0,1.0,0.0,8
0.483764705882353,0.29725897920604916,0.5620214395099541,0.7120972002113048,0.7602324406265791,0.37085045842554537,0.31054421768707474,0.4081632653061225,0.37542778918548936,0.8358257477243174,0.0,0.0,0.0,0.0,0.0,0.0,0.0,0.0,0.0,0.0,0.0,1.0,0.0,0.0,0.0,1.0,0.0,2
0.5192941176470588,0.3724007561436673,0.5510464522715671,0.8085050184891707,0.3658413340070743,0.3550426809990515,0.4217687074829931,0.17947178871548622,0.5023956194387407,0.7769830949284786,0.0,0.0,0.0,0.0,0.0,0.0,0.0,0.0,0.0,0.0,0.0,0.0,1.0,0.0,0.0,1.0,0.0,1
0.49717647058823533,0.598456206679269,0.5541092394078612,0.28711040676175387,0.264022233451238,0.35441036990199176,0.6741496598639455,0.6422569027611045,0.2265571526351814,0.3163198959687907,0.0,0.0,0.0,0.0,0.0,0.0,0.0,0.0,1.0,0.0,0.0,0.0,0.0,0.0,0.0,1.0,0.0,3
0.5094117647058825,0.43100189035916825,0.4247064828994385,0.619123085050185,0.4262253663466397,0.5327220992728422,0.5517006802721087,0.6476590636254502,0.49110198494182067,0.2360208062418726,0.0,0.0,0.0,0.0,1.0,0.0,0.0,0.0,0.0,0.0,0.0,0.0,0.0,0.0,0.0,1.0,0.0,7
0.5265882352941177,0.20636420919974796,0.3098519652884125,0.7733755942947702,0.5866599292572006,0.8902940246601327,0.5673469387755101,0.6377551020408164,0.15605749486652976,0.36833550065019505,0.0,0.0,0.0,0.0,0.0,0.0,0.0,1.0,0.0,0.0,0.0,0.0,0.0,0.0,0.0,0.0,1.0,8
0.08823529411764697,0.8104914933837428,0.46018376722817766,0.42023243528790283,0.6255684689236989,0.20866266202971862,0.6306122448979591,0.40576230492196885,0.5438056125941136,0.17880364109232777,0.0,0.0,0.0,0.0,1.0,0.0,0.0,0.0,0.0,0.0,0.0,0.0,0.0,0.0,0.0,1.0,0.0,10
0.2974117647058824,0.5318210459987398,0.712608473711077,0.4941891178024301,0.34411318847902983,0.5921593423964591,0.3125850340136054,0.6104441776710685,0.6700889801505818,0.6336150845253576,0.0,0.0,0.0,0.0,0.0,0.0,1.0,0.0,0.0,0.0,0.0,0.0,0.0,0.0,0.0,0.0,1.0,4
0.5976470588235294,0.6977000630119723,0.5035732516590097,0.40729001584786056,0.29383527033855483,0.338286436926968,0.49863945578231283,0.7457983193277311,0.6389459274469542,0.39304291287386217,0.0,0.0,0.0,0.0,0.0,0.0,1.0,0.0,0.0,0.0,0.0,0.0,0.0,0.0,0.0,0.0,1.0,5
0.6404705882352941,0.47999369880277254,0.5888208269525268,0.3320126782884311,0.44820616472966146,0.3063547265254505,0.45952380952380945,0.4501800720288116,0.821697467488022,0.45351105331599484,0.0,1.0,0.0,0.0,0.0,0.0,0.0,0.0,0.0,0.0,0.0,0.0,0.0,0.0,0.0,0.0,1.0,6
0.3183529411764706,0.21880907372400757,0.647524247064829,0.6811938721605917,0.7837291561394644,0.4865633891874802,0.721768707482993,0.030612244897959162,0.15092402464065707,0.5214564369310793,0.0,0.0,0.0,0.0,1.0,0.0,0.0,0.0,0.0,0.0,0.0,0.0,0.0,0.0,0.0,1.0,0.0,8
0.1623529411764706,0.4259609325771897,0.6761102603369066,0.5253565768621237,0.44871147043961596,0.6876383180524819,0.4346938775510203,0.6311524609843938,0.6995208761122519,0.5130039011703511,0.0,0.0,0.0,0.0,0.0,1.0,0.0,0.0,0.0,0.0,0.0,0.0,0.0,0.0,0.0,0.0,1.0,10
0.7458823529411764,0.5344990548204159,0.4854517611026034,0.5171685155837296,0.4287518948964123,0.1723047739487828,0.5221088435374148,0.317827130852341,0.2950034223134839,0.6284135240572172,0.0,0.0,0.0,0.0,0.0,0.0,0.0,0.0,1.0,0.0,0.0,0.0,0.0,0.0,0.0,1.0,0.0,0
0.7684705882352941,0.2561436672967864,0.36600306278713635,0.31193872160591657,0.5070742799393633,0.5573822320581726,0.552721088435374,0.5408163265306123,0.4565366187542779,0.46618985695708715,0.0,1.0,0.0,0.0,0.0,0.0,0.0,0.0,0.0,0.0,0.0,0.0,0.0,0.0,0.0,0.0,1.0,1
0.6021176470588235,0.5403276622558286,0.621235324144972,0.8195985208663498,0.21955533097524,0.28390768257982923,0.3153061224489795,0.8073229291716688,0.5975359342915811,0.7418725617685307,0.0,0.0,1.0,0.0,0.0,0.0,0.0,0.0,0.0,0.0,0.0,0.0,0.0,0.0,0.0,0.0,1.0,3
0.3174117647058824,0.4844045368620038,0.4517611026033691,0.6714210248283149,0.4792824658918646,0.5558014543155232,0.446938775510204,0.7674069627851141,0.6184120465434634,0.24219765929778936,0.0,0.0,0.0,0.0,1.0,0.0,0.0,0.0,0.0,0.0,0.0,0.0,0.0,0.0,0.0,1.0,0.0,4
0.5663529411764706,0.36153119092627595,0.6995916283818274,0.45958795562599053,0.3721576553815058,0.5343028770154916,0.4938775510204081,0.5915366146458585,0.6406570841889118,0.5360858257477243,0.0,0.0,0.0,0.0,0.0,1.0,0.0,0.0,0.0,0.0,0.0,0.0,0.0,0.0,0.0,0.0,1.0,7
0.7741176470588236,0.3139571518588532,0.3922919857069934,0.451135763338616,0.5934815563415867,0.51280429971546,0.5663265306122448,0.5645258103241297,0.3939082819986311,0.3865409622886866,0.0,0.0,0.0,0.0,0.0,1.0,0.0,0.0,0.0,0.0,0.0,0.0,0.0,0.0,0.0,0.0,1.0,1
0.651764705882353,0.23078134845620668,0.42700357325165905,0.439513998943476,0.6412329459322891,0.7815365159658552,0.657142857142857,0.6164465786314527,0.5503080082135524,0.3628088426527959,0.0,1.0,0.0,0.0,0.0,0.0,0.0,0.0,0.0,0.0,0.0,0.0,0.0,0.0,0.0,0.0,1.0,2
0.5771764705882353,0.6479206049149338,0.5627871362940275,0.25356576862123614,0.414855987872663,0.5134366108125198,0.5636054421768707,0.6257503001200482,0.5598904859685148,0.2376462938881665,0.0,0.0,0.0,0.0,0.0,0.0,0.0,0.0,0.0,1.0,0.0,0.0,0.0,0.0,0.0,0.0,1.0,5
0.4329411764705883,0.5168557025834909,0.4002041858090863,0.5948230322239831,0.5932289034866094,0.4353461903256402,0.41496598639455773,0.27701080432172875,0.3809034907597536,0.7581274382314696,0.0,0.0,0.0,0.0,0.0,0.0,0.0,0.0,0.0,0.0,0.0,0.0,1.0,0.0,0.0,1.0,0.0,6
0.21105882352941174,0.18399495904221802,0.9012251148545176,0.6870047543581617,0.7109651339060131,0.5055327220992728,0.5765306122448979,0.3301320528211285,0.09274469541409991,0.40084525357607287,0.0,1.0,0.0,0.0,0.0,0.0,0.0,0.0,0.0,0.0,0.0,0.0,0.0,0.0,0.0,0.0,1.0,8
0.139764705882353,0.678481411468179,0.40275650842266464,0.5316957210776545,0.45123799898938854,0.46538096743597845,0.6227891156462584,0.546218487394958,0.716290212183436,0.3647594278283485,0.0,0.0,0.0,0.0,0.0,0.0,0.0,0.0,0.0,1.0,0.0,0.0,0.0,0.0,0.0,0.0,1.0,10
0.6625882352941177,0.5045683679899181,0.25293517100561513,0.47041732699418914,0.5538150581101566,0.2671514385077458,0.5734693877551019,0.6320528211284514,0.38637919233401785,0.32769830949284784,0.0,0.0,0.0,0.0,0.0,0.0,0.0,0.0,0.0,1.0,0.0,0.0,0.0,0.0,0.0,0.0,1.0,0
0.5275294117647059,0.6934467548834279,0.7633996937212864,0.2435287902799789,0.19100555836280947,0.4868795447360101,0.7472789115646258,0.59093637454982,0.7125256673511294,0.3754876462938882,0.0,0.0,0.0,0.0,0.0,0.0,0.0,0.0,0.0,1.0,0.0,0.0,0.0,0.0,0.0,0.0,1.0,3
0.26941176470588246,0.2633900441083806,0.537263910158244,0.815636555731643,0.5679636179888833,0.7755295605437875,0.6942176870748298,0.29351740696278517,0.4746748802190281,0.26235370611183356,0.0,0.0,0.0,0.0,0.0,0.0,0.0,0.0,0.0,1.0,0.0,0.0,0.0,0.0,0.0,0.0,1.0,8
0.2562352941176471,0.7011657214870826,0.7697805002552323,0.32567353407290023,0.20717534108135421,0.3060385709769206,0.4278911564625849,0.7941176470588236,0.7087611225188228,0.5432379713914175,0.0,0.0,0.0,0.0,0.0,0.0,0.0,0.0,0.0,1.0,0.0,0.0,0.0,0.0,0.0,0.0,1.0,9
0.6117647058823529,0.26906112161310647,0.6937212863705973,0.7268885367142104,0.61899949469429,0.1447992412266835,0.3125850340136054,0.3223289315726291,0.4544832306639288,0.6589726918075423,0.0,0.0,0.0,1.0,0.0,0.0,0.0,0.0,0.0,0.0,0.0,0.0,0.0,0.0,0.0,1.0,0.0,1
0.528235294117647,0.3045053560176434,0.364982133741705,0.7313787638668781,0.5757958564931783,0.71798925071135,0.5897959183673468,0.6659663865546219,0.39801505817932925,0.33907672301690506,0.0,0.0,0.0,0.0,0.0,0.0,0.0,0.0,0.0,1.0,0.0,0.0,0.0,0.0,0.0,0.0,1.0,2
0.364,0.3769691241335854,0.5176110260336907,0.49947173798203914,0.55811015664477,0.3341764147960796,0.5857142857142856,0.6464585834333734,0.47091033538672145,0.41189856957087134,0.0,0.0,0.0,0.0,0.0,0.0,0.0,0.0,0.0,1.0,0.0,0.0,0.0,0.0,0.0,0.0,1.0,7
0.20658823529411752,0.5847511027095149,0.5788667687595712,0.7345483359746435,0.3451237998989388,0.3610496364211192,0.724829931972789,0.38145258103241303,0.9295003422313485,0.6079323797139142,0.0,0.0,1.0,0.0,0.0,0.0,0.0,0.0,0.0,0.0,0.0,0.0,0.0,0.0,0.0,0.0,1.0,10
0.5364705882352941,0.4921235034656585,0.4060745278203165,0.5530903328050714,0.2847397675593734,0.4236484350300348,0.5948979591836734,0.30522208883553426,0.48254620123203285,0.7395968790637192,0.0,0.0,0.0,0.0,0.0,0.0,0.0,0.0,0.0,0.0,0.0,0.0,1.0,0.0,0.0,1.0,0.0,0
0.3178823529411765,0.5340264650283554,0.3950995405819296,0.5538827258320127,0.3668519454269833,0.7951312045526399,0.3486394557823128,0.6665666266506604,0.4948665297741273,0.405071521456437,1.0,0.0,0.0,0.0,0.0,0.0,0.0,0.0,0.0,0.0,0.0,0.0,0.0,0.0,0.0,0.0,1.0,4
0.32352941176470595,0.28071833648393196,0.7993874425727412,0.8267300581088222,0.6081354219302678,0.36010116977552953,0.21292517006802714,0.21038415366146462,0.33607118412046544,0.878738621586476,0.0,0.0,0.0,0.0,0.0,0.0,0.0,0.0,0.0,0.0,0.0,0.0,0.0,0.0,1.0,1.0,0.0,8
0.32399999999999995,0.7912728418399495,0.5880551301684533,0.7731114632857898,0.13693784739767562,0.17546632943408152,0.40918367346938767,0.7454981992797121,0.6974674880219028,0.5123537061118336,0.0,0.0,1.0,0.0,0.0,0.0,0.0,0.0,0.0,0.0,0.0,0.0,0.0,0.0,0.0,0.0,1.0,9
0.6007058823529412,0.6321676118462507,0.537263910158244,0.2902799788695193,0.12304194037392624,0.28991463800189693,0.6166666666666666,0.6533613445378152,0.36892539356605064,0.3680104031209363,0.0,0.0,0.0,0.0,0.0,0.0,0.0,0.0,1.0,0.0,0.0,0.0,0.0,0.0,0.0,1.0,0.0,5
0.24517647058823544,0.4840894770006301,0.47626339969372133,0.37876386687797153,0.7157655381505811,0.37875434713879225,0.4061224489795917,0.3733493397358944,0.43600273785078714,0.6176853055916776,0.0,0.0,0.0,0.0,0.0,0.0,0.0,0.0,0.0,0.0,1.0,0.0,0.0,0.0,0.0,1.0,0.0,7
0.34611764705882353,0.48928796471329555,0.28152118427769274,0.7913365029054411,0.5497726124305204,0.7834334492570344,0.34727891156462576,0.6002400960384154,0.4941820670773443,0.3764629388816645,1.0,0.0,0.0,0.0,0.0,0.0,0.0,0.0,0.0,0.0,0.0,0.0,0.0,0.0,0.0,0.0,1.0,10
0.4334117647058823,0.4817265280403277,0.48085758039816234,0.7163232963549921,0.5391611925214755,0.2503951944356623,0.3666666666666666,0.38445378151260506,0.349760438056126,0.8865409622886866,0.0,0.0,0.0,0.0,0.0,0.0,0.0,0.0,0.0,0.0,0.0,0.0,0.0,0.0,1.0,1.0,0.0,1
0.8463529411764705,0.24590422180214241,0.32976008167432364,0.3055995773903857,0.4724608388074785,0.6598166297818526,0.6183673469387754,0.6575630252100841,0.6163586584531143,0.40864759427828357,0.0,0.0,0.0,0.0,0.0,1.0,0.0,0.0,0.0,0.0,0.0,0.0,0.0,0.0,0.0,0.0,1.0,2
0.38988235294117657,0.7340894770006301,0.20010209290454317,0.5187533016376124,0.5192016169782718,0.6035409421435346,0.6034013605442176,0.20048019207683077,0.1868583162217659,0.4889466840052016,0.0,0.0,0.0,0.0,0.0,0.0,0.0,0.0,0.0,0.0,0.0,0.0,1.0,0.0,0.0,1.0,0.0,3
0.5411764705882353,0.5044108380592313,0.3460949464012251,0.6096143687268886,0.30722587165234966,0.61555485298767,0.45204081632653054,0.37394957983193283,0.5420944558521561,0.37093628088426533,1.0,0.0,0.0,0.0,0.0,0.0,0.0,0.0,0.0,0.0,0.0,0.0,0.0,0.0,0.0,0.0,1.0,5
0.31976470588235295,0.8645242596093259,0.23762123532414497,0.2834125726360275,0.46033350176857,0.6225102750553272,0.4710884353741496,0.4591836734693878,0.2388774811772758,0.4014954486345904,0.0,0.0,0.0,0.0,0.0,0.0,0.0,0.0,0.0,0.0,0.0,0.0,1.0,0.0,0.0,1.0,0.0,9
0.26094117647058823,0.23361688720856963,0.7404287901990811,0.4838880084521923,0.786255684689237,0.7176730951628201,0.7482993197278911,0.3988595438175271,0.283709787816564,0.328998699609883,0.0,1.0,0.0,0.0,0.0,0.0,0.0,0.0,0.0,0.0,0.0,0.0,0.0,0.0,0.0,0.0,1.0,8
0.32352941176470595,0.7833963453056081,0.5773353751914242,0.7736397253037508,0.10055583628094994,0.20613341764147958,0.5445578231292516,0.6791716686674671,0.7231348391512663,0.5039011703511054,0.0,0.0,1.0,0.0,0.0,0.0,0.0,0.0,0.0,0.0,0.0,0.0,0.0,0.0,0.0,0.0,1.0,9
0.058117647058823385,0.6386263390044108,0.7557427258805512,0.3845747490755415,0.6427488630621526,0.16060701865317734,0.6363945578231291,0.5303121248499401,0.12080766598220394,0.4743172951885566,0.0,0.0,0.0,0.0,0.0,0.0,0.0,0.0,1.0,0.0,0.0,0.0,0.0,0.0,0.0,1.0,0.0,10
0.3748235294117648,0.3449905482041588,0.532669729453803,0.8399366085578448,0.7056594239514906,0.7496048055643376,0.39047619047619037,0.28541416566626654,0.11430527036276522,0.5107282184655397,0.0,0.0,0.0,0.0,1.0,0.0,0.0,0.0,0.0,0.0,0.0,0.0,0.0,0.0,0.0,1.0,0.0,2
0.8016470588235294,0.4458097038437303,0.4298111281265952,0.7387744321183307,0.2875189489641233,0.5017388555169143,0.5129251700680271,0.6770708283313326,0.473990417522245,0.6427178153446034,0.0,0.0,1.0,0.0,0.0,0.0,0.0,0.0,0.0,0.0,0.0,0.0,0.0,0.0,0.0,0.0,1.0,6
0.41317647058823526,0.604127284183995,0.5273098519652885,0.595879556259905,0.6207680646791309,0.28232690483717987,0.46258503401360535,0.23979591836734698,0.28302532511978096,0.855331599479844,0.0,0.0,0.0,0.0,0.0,0.0,0.0,0.0,0.0,0.0,0.0,0.0,1.0,0.0,0.0,1.0,0.0,7
0.7418823529411765,0.10459987397605547,0.25267993874425726,0.5559957739038563,0.5555836280949975,0.8340183370218147,0.7357142857142855,0.7791116446578632,0.48631074606433955,0.3712613784135241,0.0,0.0,0.0,0.0,0.0,1.0,0.0,0.0,0.0,0.0,0.0,0.0,0.0,0.0,0.0,0.0,1.0,8
0.8101176470588236,0.32451165721487085,0.26008167432363455,0.6566296883254095,0.449722081859525,0.8030350932658868,0.4646258503401359,0.7109843937575031,0.3155373032169747,0.5266579973992198,0.0,0.0,1.0,0.0,0.0,0.0,0.0,0.0,0.0,0.0,0.0,0.0,0.0,0.0,0.0,0.0,1.0,1
0.5030588235294118,0.4420289855072464,0.8769780500255232,0.7791864764923402,0.27008590197069227,0.35030034777110336,0.19591836734693868,0.5228091236494599,0.7638603696098563,0.861183355006502,0.0,0.0,0.0,0.0,0.0,0.0,1.0,0.0,0.0,0.0,0.0,0.0,0.0,0.0,0.0,0.0,1.0,3
0.4498823529411765,0.4732199117832388,0.6824910668708525,0.40412044374009515,0.22132390096008087,0.5159658552007588,0.39829931972789107,0.7154861944777913,0.7207392197125257,0.6879063719115736,0.0,0.0,0.0,0.0,0.0,1.0,0.0,0.0,0.0,0.0,0.0,0.0,0.0,0.0,0.0,0.0,1.0,4
0.5574117647058824,0.4122558286074354,0.45278203164880043,0.3729529846804015,0.5692268822637696,0.39424596901675624,0.7057823129251699,0.36494597839135656,0.2114989733059548,0.5760728218465541,0.0,0.0,0.0,1.0,0.0,0.0,0.0,0.0,0.0,0.0,0.0,0.0,0.0,0.0,0.0,1.0,0.0,6
0.5303529411764706,0.29458097038437303,0.4418070444104135,0.6072371896460645,0.6839312784234461,0.5286120771419538,0.7074829931972788,0.3988595438175271,0.472621492128679,0.35793237971391423,0.0,0.0,0.0,0.0,0.0,0.0,0.0,0.0,0.0,0.0,0.0,0.0,0.0,1.0,0.0,0.0,1.0,2
0.6538823529411765,0.5356017643352237,0.579122001020929,0.7477548864236663,0.24204143506821624,0.3939298134682263,0.3891156462585033,0.7860144057623051,0.5290896646132786,0.6193107932379714,0.0,0.0,1.0,0.0,0.0,0.0,0.0,0.0,0.0,0.0,0.0,0.0,0.0,0.0,0.0,0.0,1.0,5
0.9004705882352941,0.1501260239445495,0.05640632976008175,0.6196513470681458,0.46437594744820615,0.9883022447043945,0.6802721088435373,0.7169867947178873,0.06057494866529772,0.3182704811443433,0.0,0.0,1.0,0.0,0.0,0.0,0.0,0.0,0.0,0.0,0.0,0.0,0.0,0.0,0.0,0.0,1.0,8
0.38611764705882357,0.41587901701323254,0.8823379275140377,0.8890649762282093,0.21854471955533095,0.26493834966803664,0.08911564625850332,0.5636254501800722,0.8100616016427105,0.8689856957087128,0.0,0.0,0.0,0.0,0.0,1.0,0.0,0.0,0.0,0.0,0.0,0.0,0.0,0.0,0.0,0.0,1.0,9
0.2743529411764706,0.5751417769376181,0.5581929555895866,0.9009508716323297,0.7460838807478525,0.2073980398355991,0.26156462585034,0.2656062424969988,0.28268309377138945,0.5968790637191158,0.0,0.0,0.0,0.0,0.0,0.0,0.0,0.0,0.0,0.0,0.0,0.0,1.0,0.0,0.0,1.0,0.0,10
0.41694117647058826,0.6277567737870196,0.9070954568657479,0.37982039091389336,0.254421424962102,0.19728106228264303,0.543877551020408,0.8202280912364948,0.43121149897330596,0.40962288686605985,0.0,0.0,0.0,1.0,0.0,0.0,0.0,0.0,0.0,0.0,0.0,0.0,0.0,0.0,0.0,1.0,0.0,3
0.22211764705882353,0.6748582230623819,0.678662582950485,0.3795562599049129,0.32844871147043964,0.43250079038887135,0.5564625850340135,0.4858943577430973,0.6683778234086243,0.7724317295188557,0.0,1.0,0.0,0.0,0.0,0.0,0.0,0.0,0.0,0.0,0.0,0.0,0.0,0.0,0.0,0.0,1.0,4
0.5127058823529412,0.4746376811594203,0.3435426237876468,0.566825145272055,0.32668014148559876,0.702497628833386,0.32721088435374146,0.5918367346938777,0.5458590006844627,0.27860858257477245,1.0,0.0,0.0,0.0,0.0,0.0,0.0,0.0,0.0,0.0,0.0,0.0,0.0,0.0,0.0,0.0,1.0,7
0.695529411764706,0.3427851291745432,0.19499744767738642,0.49207606973058643,0.40500252652854973,0.7236800505848877,0.31394557823129243,0.6164465786314527,0.24914442162902123,0.5078023407022108,1.0,0.0,0.0,0.0,0.0,0.0,0.0,0.0,0.0,0.0,0.0,0.0,0.0,0.0,0.0,0.0,1.0,1
0.5729411764705883,0.7610270951480782,0.5237366003062788,0.09640781827786582,0.39287518948964123,0.6667720518495099,0.5979591836734692,0.4765906362545019,0.21457905544147843,0.5331599479843954,0.0,0.0,0.0,0.0,0.0,0.0,0.0,0.0,0.0,0.0,0.0,1.0,0.0,0.0,0.0,1.0,0.0,3
0.26447058823529423,0.603182104599874,0.666156202143951,0.33227680929741155,0.5672056594239515,0.41416376857413845,0.646938775510204,0.5366146458583434,0.39014373716632444,0.25812743823146944,0.0,0.0,0.0,1.0,0.0,0.0,0.0,0.0,0.0,0.0,0.0,0.0,0.0,0.0,0.0,1.0,0.0,4
0.492235294117647,0.6945494643982356,0.26059213884635024,0.27918647649234024,0.5315816068721576,0.5020550110654441,0.5714285714285713,0.3187274909963986,0.4233401779603012,0.7805591677503252,0.0,0.0,0.0,0.0,0.0,0.0,0.0,0.0,0.0,0.0,0.0,0.0,0.0,0.0,1.0,1.0,0.0,5
0.5395294117647058,0.65705734089477,0.361919346605411,0.3518225039619652,0.4714502273875695,0.4381915902624091,0.6306122448979591,0.2914165666266507,0.2864476386036961,0.8029908972691808,0.0,0.0,0.0,0.0,0.0,0.0,0.0,0.0,0.0,0.0,0.0,0.0,0.0,0.0,1.0,1.0,0.0,6
0.21058823529411774,0.40107120352867043,0.6125574272588056,0.7115689381933439,0.5692268822637696,0.22383812835915268,0.42551020408163254,0.2490996398559424,0.45140314852840524,0.7708062418725619,0.0,0.0,0.0,0.0,0.0,0.0,0.0,0.0,0.0,0.0,1.0,0.0,0.0,0.0,0.0,1.0,0.0,1
0.516,0.6754883427851291,0.2554874936191935,0.34442683571051247,0.5042950985346134,0.5580145431552324,0.5996598639455781,0.2490996398559424,0.3620807665982204,0.7405721716514955,0.0,0.0,0.0,0.0,0.0,0.0,0.0,0.0,0.0,0.0,0.0,0.0,0.0,0.0,1.0,1.0,0.0,5
0.12329411764705878,0.3821676118462508,0.9127105666156201,0.8779714738510302,0.5881758463870642,0.17072399620613338,0.2874149659863945,0.3565426170468188,0.5030800821355237,0.8335500650195059,0.0,0.0,0.0,0.0,0.0,0.0,0.0,0.0,0.0,0.0,0.0,0.0,1.0,0.0,0.0,1.0,0.0,8
0.8790588235294117,0.44596723377441716,0.37723328228688113,0.6896460644479663,0.3236483072258717,0.5434713879228581,0.4758503401360543,0.6347539015606243,0.49555099247091033,0.6105331599479844,0.0,0.0,1.0,0.0,0.0,0.0,0.0,0.0,0.0,0.0,0.0,0.0,0.0,0.0,0.0,0.0,1.0,0
0.8967058823529412,0.2504725897920605,0.15135273098519658,0.5913893291072372,0.47625063163213743,0.9086310464748656,0.5238095238095237,0.8883553421368549,0.3757700205338809,0.5178803641092328,0.0,0.0,1.0,0.0,0.0,0.0,0.0,0.0,0.0,0.0,0.0,0.0,0.0,0.0,0.0,0.0,1.0,2
0.2908235294117647,0.6836798991808444,0.5056151097498724,0.15372424722662445,0.4166245578575038,0.40151754663294337,0.643877551020408,0.6698679471788715,0.10403832991101986,0.6124837451235371,0.0,0.0,0.0,0.0,0.0,0.0,0.0,0.0,0.0,0.0,1.0,0.0,0.0,0.0,0.0,1.0,0.0,3
0.3402352941176471,0.5110270951480782,0.3910158244002042,0.45245641838351824,0.35169277412834765,0.3939298134682263,0.6520408163265305,0.4318727490996399,0.36858316221765913,0.7860858257477243,0.0,0.0,0.0,0.0,0.0,0.0,0.0,0.0,0.0,0.0,1.0,0.0,0.0,0.0,0.0,1.0,0.0,6
0.6152941176470588,0.44643982356647766,0.3159775395610005,0.5454305335446382,0.2607377463365336,0.6727790072715776,0.33571428571428563,0.6899759903961585,0.500684462696783,0.3663849154746424,1.0,0.0,0.0,0.0,0.0,0.0,0.0,0.0,0.0,0.0,0.0,0.0,0.0,0.0,0.0,0.0,1.0,7
0.5785882352941177,0.4807813484562067,0.4515058703420113,0.38721605916534607,0.5351187468418394,0.3914005690799873,0.5639455782312924,0.403061224489796,0.06091718001368923,0.637516254876463,0.0,0.0,0.0,0.0,0.0,0.0,0.0,0.0,1.0,0.0,0.0,0.0,0.0,0.0,0.0,1.0,0.0,7
0.36917647058823533,0.7649653434152488,0.37161817253700874,0.1711568938193344,0.5490146538655887,0.6610812519759721,0.8088435374149658,0.5417166866746699,0.46338124572210815,0.40084525357607287,0.0,0.0,0.0,0.0,0.0,0.0,0.0,0.0,0.0,0.0,0.0,0.0,0.0,0.0,1.0,1.0,0.0,9
0.827764705882353,0.32781978575929427,0.6250638080653395,0.358689910195457,0.4934310257705912,0.14669617451786277,0.5625850340136054,0.40396158463385357,0.3429158110882957,0.6436931079323798,0.0,0.0,0.0,1.0,0.0,0.0,0.0,0.0,0.0,0.0,0.0,0.0,0.0,0.0,0.0,1.0,0.0,0
0.564,0.4393509766855702,0.6123021949974476,0.5298468040147915,0.5290550783223851,0.17262092949731267,0.37142857142857133,0.42196878751500605,0.5054757015742642,0.7613784135240573,0.0,0.0,0.0,0.0,0.0,0.0,0.0,0.0,0.0,0.0,0.0,1.0,0.0,0.0,0.0,1.0,0.0,1
0.15694117647058836,0.46408317580340264,0.7988769780500256,0.7105124141574222,0.6647296614451743,0.010433133101485914,0.2816326530612244,0.319327731092437,0.365160848733744,0.8901170351105332,0.0,0.0,0.0,0.0,0.0,0.0,0.0,0.0,0.0,0.0,1.0,0.0,0.0,0.0,0.0,1.0,0.0,2
0.14847058823529413,0.8490863264020163,0.442572741194487,0.14791336502905444,0.6677614957049015,0.4217515017388555,0.5625850340136054,0.4423769507803122,0.12217659137577003,0.507477243172952,0.0,0.0,0.0,0.0,0.0,0.0,0.0,0.0,0.0,0.0,1.0,0.0,0.0,0.0,0.0,1.0,0.0,4
0.6741176470588235,0.4533711405166982,0.5625319040326697,0.47596407818277875,0.432289034866094,0.34903572557698387,0.36530612244897953,0.504201680672269,0.6386036960985627,0.38231469440832255,0.0,0.0,0.0,0.0,0.0,0.0,0.0,0.0,0.0,0.0,0.0,0.0,0.0,1.0,0.0,0.0,1.0,6
0.5964705882352941,0.4229678638941399,0.6097498723838694,0.6487057580559958,0.5272865083375442,0.22288966171356306,0.33231292517006794,0.37905162064825937,0.48631074606433955,0.7753576072821847,0.0,0.0,0.0,0.0,0.0,0.0,0.0,0.0,0.0,0.0,0.0,1.0,0.0,0.0,0.0,1.0,0.0,1
0.5270588235294118,0.2736294896030246,0.5849923430321593,0.4574749075541469,0.3794845881758464,0.5618084097375908,0.41156462585034004,0.6221488595438176,0.740930869267625,0.6879063719115736,0.0,0.0,0.0,0.0,0.0,0.0,1.0,0.0,0.0,0.0,0.0,0.0,0.0,0.0,0.0,0.0,1.0,7
0.018823529411764683,0.5459987397605546,0.9828994384890251,0.8835182250396197,0.3880747852450733,0.15238697439140053,0.29251700680272097,0.43307322929171677,0.6129363449691992,0.669700910273082,0.0,0.0,0.0,0.0,0.0,0.0,0.0,0.0,0.0,0.0,1.0,0.0,0.0,0.0,0.0,1.0,0.0,8
0.16423529411764703,0.8725582860743542,0.257784583971414,0.0842577918647649,0.5917129863567459,0.5263989883022446,0.6391156462585033,0.5960384153661465,0.3463381245722108,0.5279583875162549,0.0,0.0,0.0,0.0,0.0,0.0,0.0,0.0,0.0,0.0,1.0,0.0,0.0,0.0,0.0,1.0,0.0,9
0.7628235294117647,0.33223062381852553,0.4635017866258295,0.30084521922873747,0.5444669024759979,0.3907682579829276,0.37176870748299307,0.5471188475390156,0.5728952772073922,0.4346553966189857,0.0,0.0,0.0,0.0,0.0,0.0,1.0,0.0,0.0,0.0,0.0,0.0,0.0,0.0,0.0,0.0,1.0,0
0.6835294117647058,0.37177063642092,0.4841755997958142,0.40015847860538833,0.7726124305204649,0.4960480556433765,0.5952380952380951,0.4702881152460985,0.31793292265571527,0.25,0.0,0.0,0.0,0.0,0.0,0.0,0.0,0.0,0.0,0.0,0.0,0.0,0.0,1.0,0.0,0.0,1.0,1
0.6665882352941176,0.4477000630119723,0.5727411944869831,0.4796619123085051,0.42925720060636685,0.33670565918431866,0.42312925170068016,0.47719087635054025,0.6793292265571527,0.37971391417425226,0.0,0.0,0.0,0.0,0.0,0.0,0.0,0.0,0.0,0.0,0.0,0.0,0.0,1.0,0.0,0.0,1.0,6
0.6656470588235294,0.1543793320730939,0.2782031648800409,0.6497622820919177,0.5907023749368367,0.8653177363262725,0.5741496598639455,0.5843337334933975,0.1119096509240246,0.3481794538361509,0.0,0.0,0.0,0.0,0.0,0.0,0.0,0.0,0.0,0.0,0.0,0.0,0.0,1.0,0.0,0.0,1.0,8
0.03811764705882337,0.9640831758034027,0.4617151607963247,0.1405176967776017,0.5146538655886812,0.26588681631362626,0.6088435374149659,0.3646458583433374,0.49110198494182067,0.5887516254876464,0.0,0.0,0.0,0.0,0.0,0.0,0.0,0.0,0.0,0.0,1.0,0.0,0.0,0.0,0.0,1.0,0.0,10
0.37388235294117655,0.3563327032136106,0.35196528841245533,0.5530903328050714,0.36230419403739267,0.5026873221625039,0.6731292517006802,0.4378751500600241,0.3952772073921971,0.7860858257477243,0.0,0.0,0.0,0.0,0.0,0.0,0.0,0.0,0.0,0.0,1.0,0.0,0.0,0.0,0.0,1.0,0.0,0
0.6367058823529412,0.3002520478890989,0.4834099030117407,0.45245641838351824,0.6627084386053562,0.5248182105595953,0.4676870748299319,0.4423769507803122,0.4277891854893908,0.29778933680104036,0.0,0.0,0.0,0.0,0.0,0.0,1.0,0.0,0.0,0.0,0.0,0.0,0.0,0.0,0.0,0.0,1.0,1
0.8362352941176471,0.20951480781348458,0.3683001531393568,0.2876386687797148,0.4575543203638201,0.6819475181789441,0.7397959183673468,0.6281512605042018,0.6540041067761807,0.49447334200260085,0.0,1.0,0.0,0.0,0.0,0.0,0.0,0.0,0.0,0.0,0.0,0.0,0.0,0.0,0.0,0.0,1.0,2
0.6672941176470588,0.45935727788279773,0.7133741704951506,0.439513998943476,0.33021728145528045,0.33544103699019917,0.4914965986394557,0.6503601440576231,0.6776180698151951,0.3754876462938882,0.0,0.0,0.0,0.0,0.0,1.0,0.0,0.0,0.0,0.0,0.0,0.0,0.0,0.0,0.0,0.0,1.0,6
0.7538823529411764,0.4864524259609326,0.48647269014803474,0.3650290544109879,0.5694795351187468,0.28991463800189693,0.5530612244897958,0.38325330132052826,0.5913757700205339,0.31241872561768536,0.0,0.0,0.0,0.0,0.0,1.0,0.0,0.0,0.0,0.0,0.0,0.0,0.0,0.0,0.0,0.0,1.0,0
0.5920000000000001,0.3769691241335854,0.3831036242981113,0.4175911251980983,0.6634663971702881,0.38191590262409103,0.552721088435374,0.5771308523409364,0.30527036276522934,0.46293888166449937,0.0,0.0,0.0,0.0,0.0,0.0,0.0,0.0,0.0,1.0,0.0,0.0,0.0,0.0,0.0,0.0,1.0,1
0.2943529411764706,0.7320415879017013,0.31955079122001023,0.4123085050184892,0.5452248610409298,0.474233322794815,0.7125850340136053,0.6404561824729893,0.5065023956194388,0.44310793237971396,0.0,0.0,0.0,0.0,0.0,0.0,0.0,0.0,0.0,1.0,0.0,0.0,0.0,0.0,0.0,0.0,1.0,4
0.6811764705882354,0.5168557025834909,0.2863705972434916,0.4199683042789224,0.5894391106619505,0.28675308251659815,0.5353741496598639,0.6323529411764707,0.43839835728952775,0.3013654096228869,0.0,0.0,0.0,0.0,0.0,0.0,0.0,0.0,0.0,1.0,0.0,0.0,0.0,0.0,0.0,0.0,1.0,0
0.8049411764705883,0.32561436672967864,0.3690658499234304,0.42868462757527737,0.5917129863567459,0.4837179892507113,0.5639455782312924,0.5630252100840336,0.4140999315537303,0.38784135240572176,0.0,0.0,0.0,0.0,0.0,1.0,0.0,0.0,0.0,0.0,0.0,0.0,0.0,0.0,0.0,0.0,1.0,1
0.5872941176470589,0.566950220541903,0.8136804492087799,0.43528790279978874,0.17710965133906015,0.1953841289914638,0.41496598639455773,0.8430372148859545,0.4965776865160849,0.3176202860858258,0.0,0.0,0.0,0.0,0.0,0.0,0.0,0.0,1.0,0.0,0.0,0.0,0.0,0.0,0.0,1.0,0.0,3
0.5112941176470589,0.5905797101449275,0.6408882082695253,0.506339144215531,0.3511874684183931,0.23205817262092948,0.40102040816326523,0.5999399759903963,0.7573579739904176,0.47821846553966196,0.0,0.0,0.0,0.0,0.0,0.0,1.0,0.0,0.0,0.0,0.0,0.0,0.0,0.0,0.0,0.0,1.0,5
0.6084705882352941,0.44502205419029617,0.7108218478815722,0.45773903856312737,0.27210712481051036,0.5001580777742649,0.5455782312925169,0.5690276110444178,0.6690622861054073,0.41189856957087134,0.0,0.0,0.0,0.0,0.0,0.0,1.0,0.0,0.0,0.0,0.0,0.0,0.0,0.0,0.0,0.0,1.0,6
0.7174117647058824,0.4421865154379332,0.5666156202143952,0.29635499207606975,0.5308236483072258,0.3028770154916218,0.5799319727891156,0.3808523409363746,0.46030116358658457,0.4583875162548765,0.0,0.0,0.0,0.0,0.0,0.0,0.0,0.0,0.0,0.0,0.0,0.0,0.0,1.0,0.0,0.0,1.0,0
0.5592941176470588,0.3037177063642092,0.8218478815722308,0.7509244585314316,0.3564931783729156,0.25545368321214035,0.23673469387755092,0.45978391356542625,0.8668720054757016,0.8338751625487647,0.0,0.0,0.0,0.0,0.0,1.0,0.0,0.0,0.0,0.0,0.0,0.0,0.0,0.0,0.0,0.0,1.0,3
0.09552941176470586,0.7091997479521108,0.5068912710566615,0.5311674590596936,0.40298130368873164,0.49984192222573504,0.5534013605442176,0.521608643457383,0.8107460643394935,0.40962288686605985,0.0,0.0,0.0,0.0,0.0,0.0,0.0,0.0,0.0,1.0,0.0,0.0,0.0,0.0,0.0,0.0,1.0,10
0.7762352941176471,0.44549464398235666,0.2633996937212864,0.36767036450079243,0.5075795856493178,0.3496680366740436,0.510204081632653,0.43697478991596644,0.5427789185489391,0.3920676202860859,0.0,1.0,0.0,0.0,0.0,0.0,0.0,0.0,0.0,0.0,0.0,0.0,0.0,0.0,0.0,0.0,1.0,0
0.2712941176470589,0.3695652173913043,0.6748340990301174,0.6722134178552562,0.6346639717028802,0.04710717673095158,0.32448979591836724,0.33253301320528217,0.44934976043805613,0.9288036410923277,0.0,0.0,0.0,0.0,0.0,0.0,0.0,0.0,0.0,0.0,1.0,0.0,0.0,0.0,0.0,1.0,0.0,1
0.5131764705882353,0.3873660995589162,0.7149055640632976,0.34020073956682517,0.3880747852450733,0.5693961429023079,0.6428571428571428,0.34693877551020413,0.47638603696098564,0.5705461638491548,0.0,1.0,0.0,0.0,0.0,0.0,0.0,0.0,0.0,0.0,0.0,0.0,0.0,0.0,0.0,0.0,1.0,7
0.44094117647058817,0.14603024574669188,0.4331291475242471,0.9344955097728475,0.5227387569479535,0.9215934239645907,0.6231292517006801,0.4618847539015607,0.31690622861054074,0.14271781534460337,0.0,0.0,0.0,0.0,0.0,0.0,0.0,0.0,0.0,1.0,0.0,0.0,0.0,0.0,0.0,0.0,1.0,8
0.1160000000000001,0.717548834278513,0.5829504849412965,0.5441098784997359,0.314300151591713,0.7110338286436927,0.2972789115646257,0.5630252100840336,0.6331279945242985,0.44635890767230174,0.0,0.0,0.0,0.0,0.0,0.0,0.0,1.0,0.0,0.0,0.0,0.0,0.0,0.0,0.0,0.0,1.0,10
0.6821176470588236,0.47574039067422813,0.24936191934660545,0.6413100898045431,0.287266296109146,0.5618084097375908,0.35680272108843525,0.45048019207683077,0.5633127994524298,0.2708062418725618,1.0,0.0,0.0,0.0,0.0,0.0,0.0,0.0,0.0,0.0,0.0,0.0,0.0,0.0,0.0,0.0,1.0,0
0.9689411764705882,0.055450535601764356,0.10107197549770286,0.5950871632329636,0.53966649823143,0.6585520075877331,0.8258503401360543,0.8241296518607444,0.5215605749486654,0.4161248374512354,0.0,0.0,0.0,0.0,0.0,0.0,1.0,0.0,0.0,0.0,0.0,0.0,0.0,0.0,0.0,0.0,1.0,8
0.3788235294117648,0.3175803402646503,0.5740173557937723,0.459852086634971,0.3956543708943911,0.6674043629465697,0.5180272108843537,0.6413565426170469,0.742984257357974,0.7604031209362809,0.0,0.0,0.0,0.0,0.0,1.0,0.0,0.0,0.0,0.0,0.0,0.0,0.0,0.0,0.0,0.0,1.0,10
0.8661176470588235,0.20526149968494015,0.39867279224093927,0.3864236661384047,0.39464375947448205,0.7679418273790705,0.5646258503401359,0.7232893157262906,0.6676933607118413,0.5546163849154747,0.0,0.0,0.0,0.0,0.0,0.0,1.0,0.0,0.0,0.0,0.0,0.0,0.0,0.0,0.0,0.0,1.0,2
0.6649411764705883,0.39618777567737873,0.7041858090862685,0.361595351294242,0.3625568468923699,0.31489092633575716,0.5020408163265305,0.3313325330132053,0.8066392881587954,0.5747724317295189,0.0,1.0,0.0,0.0,0.0,0.0,0.0,0.0,0.0,0.0,0.0,0.0,0.0,0.0,0.0,0.0,1.0,6
0.09364705882352942,0.3648393194706995,0.8611536498213375,0.8108821975699948,0.40247599797877714,0.5004742333227948,0.3482993197278911,0.2536014405762305,0.41101984941820674,0.9408322496749025,0.0,0.0,0.0,0.0,0.0,0.0,1.0,0.0,0.0,0.0,0.0,0.0,0.0,0.0,0.0,0.0,1.0,10
0.36635294117647066,0.3931947069943289,0.4882593159775396,0.4376650818806128,0.46184941889843356,0.3142586152386974,0.5751700680272108,0.5540216086434575,0.3535249828884326,0.7467490247074122,0.0,0.0,0.0,0.0,0.0,0.0,0.0,0.0,0.0,0.0,1.0,0.0,0.0,0.0,0.0,1.0,0.0,0
0.4077647058823529,0.4689666036546944,0.49259826442062277,0.9508716323296356,0.2738756947953512,0.3714827695226051,0.5214285714285714,0.5642256902761105,0.7060232717316907,0.5481144343302992,0.0,0.0,1.0,0.0,0.0,0.0,0.0,0.0,0.0,0.0,0.0,0.0,0.0,0.0,0.0,0.0,1.0,4
0.52,0.5571833648393194,0.3340990301174069,0.3415213946117275,0.3044466902475998,0.43376541258299084,0.9602040816326529,0.23619447779111646,0.3583162217659138,0.5130039011703511,0.0,0.0,0.0,0.0,0.0,0.0,0.0,0.0,0.0,0.0,1.0,0.0,0.0,0.0,0.0,1.0,0.0,5
0.7190588235294119,0.5200063011972276,0.5344563552833078,0.7297939778129954,0.2733703890853967,0.4685425229212773,0.4391156462585033,0.7719087635054023,0.41649555099247093,0.6037061118335502,0.0,0.0,1.0,0.0,0.0,0.0,0.0,0.0,0.0,0.0,0.0,0.0,0.0,0.0,0.0,0.0,1.0,6
0.2555294117647059,0.5630119722747322,0.5921388463501787,0.30084521922873747,0.5634158665992925,0.3654758141005374,0.3639455782312924,0.3118247298919568,0.40999315537303216,0.8267230169050717,0.0,0.0,0.0,0.0,0.0,0.0,0.0,0.0,0.0,0.0,1.0,0.0,0.0,0.0,0.0,1.0,0.0,7
0.35858823529411765,0.4817265280403277,0.22817764165390508,0.7955625990491284,0.5684689236988378,0.7145115396775212,0.4462585034013604,0.5204081632653061,0.6225188227241616,0.31404421326397924,1.0,0.0,0.0,0.0,0.0,0.0,0.0,0.0,0.0,0.0,0.0,0.0,0.0,0.0,0.0,0.0,1.0,10
0.8703529411764706,0.43572778827977315,0.36600306278713635,0.7054939249867935,0.33299646286003026,0.5618084097375908,0.48129251700680264,0.6302521008403362,0.4815195071868583,0.5933029908972692,0.0,0.0,1.0,0.0,0.0,0.0,0.0,0.0,0.0,0.0,0.0,0.0,0.0,0.0,0.0,0.0,1.0,0
0.5428235294117647,0.27284183994959044,0.467330270546197,0.5919175911251982,0.6915108640727641,0.5188112551375277,0.715986394557823,0.4003601440576231,0.5130047912388775,0.3462288686605982,0.0,0.0,0.0,0.0,0.0,0.0,0.0,0.0,0.0,0.0,0.0,0.0,0.0,1.0,0.0,0.0,1.0,2
0.5901176470588235,0.5261499684940139,0.6870852475752935,0.20575805599577393,0.45022738756947955,0.6528612077141954,0.6598639455782311,0.37845138055222094,0.6365503080082136,0.3198959687906372,0.0,0.0,0.0,0.0,0.0,0.0,0.0,0.0,0.0,1.0,0.0,0.0,0.0,0.0,0.0,0.0,1.0,6
0.6331764705882353,0.4401386263390044,0.3899948953547729,0.714474379292129,0.25871652349671553,0.6275687638318053,0.4316326530612244,0.7629051620648261,0.5835044490075292,0.32444733420026006,0.0,0.0,1.0,0.0,0.0,0.0,0.0,0.0,0.0,0.0,0.0,0.0,0.0,0.0,0.0,0.0,1.0,7
0.27341176470588224,0.8369565217391304,0.49234303215926495,0.38906497622820924,0.11394643759474482,0.5880493202655707,0.5387755102040815,0.6953781512605043,0.5208761122518824,0.4541612483745124,0.0,0.0,0.0,0.0,0.0,0.0,0.0,1.0,0.0,0.0,0.0,0.0,0.0,0.0,0.0,0.0,1.0,9
0.2915294117647059,0.7110901071203528,0.4231750893312915,0.3903856312731115,0.3815058110156645,0.5731900094846665,0.7037414965986394,0.537515006002401,0.48665297741273106,0.2503250975292588,0.0,0.0,0.0,0.0,0.0,0.0,0.0,0.0,0.0,0.0,0.0,1.0,0.0,0.0,0.0,1.0,0.0,4
0.43176470588235294,0.724795211090107,0.4313425216947422,0.14791336502905444,0.36533602829711975,0.6430603857097692,0.8078231292517006,0.46128451380552227,0.4500342231348392,0.34525357607282187,0.0,0.0,0.0,0.0,0.0,0.0,0.0,0.0,0.0,0.0,0.0,1.0,0.0,0.0,0.0,1.0,0.0,9
0.1941176470588235,0.6819470699432892,0.6539050535987749,0.367406233491812,0.42723597776654876,0.44325007903888713,0.424829931972789,0.668967587034814,0.3545516769336071,0.21781534460338103,0.0,0.0,0.0,0.0,0.0,0.0,0.0,0.0,0.0,0.0,0.0,1.0,0.0,0.0,0.0,1.0,0.0,10
0.6312941176470588,0.40359168241965976,0.5980091883614089,0.3269941891178025,0.5179383527033855,0.34650648118874483,0.5074829931972789,0.5924369747899161,0.0732375085557837,0.5247074122236671,0.0,0.0,0.0,0.0,0.0,0.0,0.0,0.0,1.0,0.0,0.0,0.0,0.0,0.0,0.0,1.0,0.0,7
0.27647058823529425,0.5379647132955261,0.5441551812149056,0.21315372424722667,0.7488630621526023,0.4739171672462852,0.5183673469387754,0.5402160864345739,0.06878850102669404,0.6144343302990898,0.0,0.0,0.0,0.0,0.0,0.0,0.0,0.0,1.0,0.0,0.0,0.0,0.0,0.0,0.0,1.0,0.0,4
0.6936470588235294,0.7274732199117833,0.33741704951505874,0.2070787110406762,0.49722081859525014,0.5570660765096427,0.5670068027210884,0.289015606242497,0.2840520191649555,0.6469440832249675,0.0,0.0,0.0,0.0,0.0,0.0,0.0,0.0,0.0,0.0,0.0,1.0,0.0,0.0,0.0,1.0,0.0,5
0.44752941176470584,0.5560806553245117,0.47779479326186836,0.468568409931326,0.6008084891359272,0.4030983243755928,0.5265306122448978,0.4237695078031213,0.13483915126625595,0.772106631989597,0.0,0.0,0.0,0.0,0.0,0.0,0.0,0.0,0.0,0.0,0.0,0.0,0.0,0.0,1.0,1.0,0.0,7
0.42847058823529416,0.739760554505356,0.4515058703420113,0.1959852086634971,0.3173319858514401,0.5134366108125198,0.8489795918367345,0.5546218487394958,0.38706365503080087,0.31079323797139147,0.0,0.0,0.0,0.0,0.0,0.0,0.0,0.0,0.0,0.0,0.0,1.0,0.0,0.0,0.0,1.0,0.0,9
0.0,0.6014492753623188,0.8440530883103624,0.2842049656629689,0.6503284487114704,0.33575719253872904,0.5659863945578231,0.6551620648259304,0.07665982203969879,0.4473342002600781,0.0,0.0,0.0,0.0,0.0,0.0,0.0,0.0,1.0,0.0,0.0,0.0,0.0,0.0,0.0,1.0,0.0,10
0.6748235294117647,0.3248267170762445,0.7299642674834099,0.5021130480718436,0.3688731682668014,0.3525134366108125,0.44115646258503394,0.6362545018007204,0.7535934291581109,0.45936280884265285,0.0,0.0,0.0,0.0,0.0,1.0,0.0,0.0,0.0,0.0,0.0,0.0,0.0,0.0,0.0,0.0,1.0,6
0.4025882352941177,0.21140516698172654,0.7708014293006636,0.8676703645007924,0.6291056088933805,0.4356623458741701,0.18877551020408156,0.1866746698679472,0.2077344284736482,0.9040962288686607,0.0,0.0,0.0,0.0,0.0,0.0,0.0,0.0,0.0,0.0,0.0,0.0,0.0,0.0,1.0,1.0,0.0,8
0.2898823529411765,0.7774102079395084,0.6778968861664114,0.21421024828314847,0.18064679130874178,0.4441985456844767,0.5258503401360544,0.9699879951980793,0.5841889117043122,0.4977243172951886,0.0,0.0,0.0,0.0,0.0,0.0,0.0,0.0,0.0,1.0,0.0,0.0,0.0,0.0,0.0,0.0,1.0,9
0.42023529411764715,0.4722747321991178,0.4719244512506381,0.7876386687797148,0.2743810005053057,0.6449573190009484,0.48061224489795906,0.7656062424969989,0.7395619438740589,0.3813394018205462,0.0,0.0,1.0,0.0,0.0,0.0,0.0,0.0,0.0,0.0,0.0,0.0,0.0,0.0,0.0,0.0,1.0,4
0.636235294117647,0.44139886578449905,0.8522205206738132,0.45958795562599053,0.22637695805962604,0.18242175150173884,0.4326530612244897,0.6449579831932775,0.5759753593429159,0.5685955786736021,0.0,0.0,0.0,0.0,0.0,1.0,0.0,0.0,0.0,0.0,0.0,0.0,0.0,0.0,0.0,0.0,1.0,5
0.6767058823529412,0.6568998109640831,0.5594691168963757,0.26122556788166934,0.3744315310763011,0.37527663610496365,0.5636054421768707,0.5222088835534214,0.16666666666666669,0.581924577373212,0.0,0.0,0.0,0.0,0.0,0.0,0.0,0.0,1.0,0.0,0.0,0.0,0.0,0.0,0.0,1.0,0.0,6
0.7729411764705882,0.5428481411468179,0.4890250127616131,0.44004226096143695,0.49722081859525014,0.10844135314574768,0.614625850340136,0.3421368547418968,0.32169746748802186,0.5445383615084526,0.0,0.0,0.0,0.0,0.0,0.0,0.0,0.0,1.0,0.0,0.0,0.0,0.0,0.0,0.0,1.0,0.0,0
0.5477647058823529,0.7640201638311279,0.3289943848902502,0.2237189646064448,0.49646286003031836,0.5722415428390768,0.7826530612244897,0.37905162064825937,0.2019164955509925,0.6586475942782836,0.0,0.0,0.0,0.0,0.0,0.0,0.0,0.0,0.0,0.0,0.0,1.0,0.0,0.0,0.0,1.0,0.0,3
0.3185882352941176,0.5367044738500315,0.48672792240939255,0.6352350765979926,0.6642243557352199,0.4698071451153968,0.42653061224489786,0.24759903961584637,0.21560574948665295,0.7454486345903771,0.0,0.0,0.0,0.0,0.0,0.0,0.0,0.0,0.0,0.0,0.0,0.0,1.0,0.0,0.0,1.0,0.0,4
0.3955294117647059,0.40044108380592314,0.8652373660030628,0.8705758055995775,0.21424962102071754,0.26683528295921594,0.03265306122448969,0.585234093637455,0.8507871321013005,0.8849154746423928,0.0,0.0,0.0,0.0,0.0,1.0,0.0,0.0,0.0,0.0,0.0,0.0,0.0,0.0,0.0,0.0,1.0,9
0.2915294117647059,0.5597038437303088,0.47651863195507915,0.6241415742208136,0.2620010106114199,0.49162187796395823,0.7666666666666666,0.4780912364945979,1.0,0.6017555266579975,0.0,0.0,1.0,0.0,0.0,0.0,0.0,0.0,0.0,0.0,0.0,0.0,0.0,0.0,0.0,0.0,1.0,10
0.5585882352941176,0.2838689350976686,0.6962736089841756,0.8024300052826203,0.5955027791814047,0.09200126462219407,0.3040816326530611,0.3187274909963986,0.4883641341546886,0.6924577373211964,0.0,0.0,0.0,1.0,0.0,0.0,0.0,0.0,0.0,0.0,0.0,0.0,0.0,0.0,0.0,1.0,0.0,1
0.42847058823529416,0.050094517958412105,0.756253190403267,0.780771262546223,0.7036382011116726,0.7398039835599115,0.3017006802721087,0.20678271308523413,0.45106091718001373,0.7464239271781535,0.0,0.0,0.0,1.0,0.0,0.0,0.0,0.0,0.0,0.0,0.0,0.0,0.0,0.0,0.0,1.0,0.0,8
0.2715294117647058,0.5039382482671708,0.7677386421643696,0.7237189646064448,0.606366851945427,0.21150806196648747,0.39863945578231286,0.18847539015606243,0.37679671457905545,0.7789336801040313,0.0,0.0,0.0,0.0,0.0,0.0,0.0,0.0,0.0,0.0,0.0,0.0,1.0,0.0,0.0,1.0,0.0,2
0.615764705882353,0.6077504725897921,0.5403266972945381,0.23375594294770208,0.4926730672056594,0.4271261460638634,0.4761904761904761,0.4165666266506603,0.3018480492813142,0.5695708712613785,0.0,0.0,0.0,0.0,0.0,0.0,0.0,0.0,0.0,0.0,0.0,1.0,0.0,0.0,0.0,1.0,0.0,6
0.47105882352941175,0.4921235034656585,0.53420112302195,0.5187533016376124,0.6447700859019707,0.3632627252608283,0.5455782312925169,0.4111644657863146,0.4962354551676934,0.23927178153446038,0.0,0.0,0.0,0.0,0.0,0.0,0.0,0.0,0.0,0.0,0.0,0.0,0.0,1.0,0.0,0.0,1.0,7
0.11764705882352944,0.3843730308758664,0.9522715671260847,0.8333333333333335,0.615967660434563,0.16787859626936452,0.2877551020408162,0.34693877551020413,0.4534565366187543,0.878738621586476,0.0,0.0,0.0,0.0,0.0,0.0,0.0,0.0,0.0,0.0,0.0,0.0,1.0,0.0,0.0,1.0,0.0,8
0.7651764705882353,0.5606490233144298,0.6120469627360898,0.3029582673005811,0.5341081354219303,0.27031299399304454,0.4435374149659863,0.36764705882352944,0.46030116358658457,0.5390117035110533,0.0,0.0,0.0,0.0,0.0,0.0,0.0,0.0,0.0,0.0,0.0,1.0,0.0,0.0,0.0,1.0,0.0,0
0.35811764705882354,0.1063327032136106,0.8113833588565594,0.717379820390914,0.6902475997978778,0.7429655390452102,0.26700680272108834,0.17887154861944782,0.43052703627652295,0.7743823146944084,0.0,0.0,0.0,1.0,0.0,0.0,0.0,0.0,0.0,0.0,0.0,0.0,0.0,0.0,0.0,1.0,0.0,8
0.4030588235294117,0.46361058601134214,0.6541602858601328,0.7762810353935553,0.6334007074279939,0.22162503951944354,0.24591836734693873,0.3256302521008404,0.4469541409993156,0.8884915474642393,0.0,0.0,0.0,0.0,0.0,0.0,0.0,0.0,0.0,0.0,0.0,1.0,0.0,0.0,0.0,1.0,0.0,2
0.2743529411764706,0.5461562696912414,0.6858090862685043,0.17538298996302168,0.5917129863567459,0.3866582358520392,0.7353741496598638,0.8313325330132054,0.1389459274469541,0.4583875162548765,0.0,0.0,0.0,0.0,0.0,0.0,0.0,0.0,1.0,0.0,0.0,0.0,0.0,0.0,0.0,1.0,0.0,4
0.6472941176470588,0.7844990548204158,0.3019397651863196,0.28262017960908614,0.41435068216270843,0.6199810306670882,0.5863945578231291,0.32472989195678276,0.18651608487337434,0.8530559167750326,0.0,0.0,0.0,0.0,0.0,0.0,0.0,0.0,0.0,0.0,0.0,1.0,0.0,0.0,0.0,1.0,0.0,5
0.42870588235294127,0.6357908002520478,0.45354772843287394,0.36529318541996836,0.3754421424962102,0.2997154600063231,0.7863945578231292,0.5210084033613446,0.5143737166324436,0.22789336801040316,0.0,0.0,0.0,0.0,1.0,0.0,0.0,0.0,0.0,0.0,0.0,0.0,0.0,0.0,0.0,1.0,0.0,3
0.4640000000000001,0.6863579080025205,0.27054619703930577,0.31880612783940837,0.46614451743304697,0.7135630730319318,0.7187074829931972,0.40846338535414173,0.23921971252566732,0.5939531859557868,0.0,0.0,0.0,0.0,0.0,0.0,0.0,0.0,0.0,0.0,0.0,0.0,0.0,0.0,1.0,1.0,0.0,3
0.5475294117647059,0.5825456836798992,0.4397651863195508,0.3436344426835711,0.2809499747347145,0.3784381915902624,0.7649659863945577,0.42797118847539023,0.5462012320328542,0.2708062418725618,0.0,0.0,0.0,0.0,1.0,0.0,0.0,0.0,0.0,0.0,0.0,0.0,0.0,0.0,0.0,1.0,0.0,5
0.24070588235294121,0.7093572778827977,0.5183767228177641,0.6566296883254095,0.18746841839312783,0.23142586152386974,0.6789115646258502,0.5555222088835535,0.7919233401779604,0.4421326397919376,0.0,0.0,0.0,0.0,1.0,0.0,0.0,0.0,0.0,0.0,0.0,0.0,0.0,0.0,0.0,1.0,0.0,9
0.07670588235294118,0.8256143667296787,0.39280245022970905,0.47068145800316963,0.6018191005558363,0.22605121719886181,0.6690476190476189,0.3841536614645859,0.5581793292265572,0.05266579973992197,0.0,0.0,0.0,0.0,1.0,0.0,0.0,0.0,0.0,0.0,0.0,0.0,0.0,0.0,0.0,1.0,0.0,10
0.46235294117647063,0.31285444234404536,0.7343032159264931,0.5887480190174327,0.19580596260737743,0.6038570976920645,0.5897959183673468,0.6452581032412966,0.5328542094455853,0.7038361508452536,0.0,0.0,0.0,0.0,0.0,1.0,0.0,0.0,0.0,0.0,0.0,0.0,0.0,0.0,0.0,0.0,1.0,4
0.6164705882352941,0.48566477630749844,0.46656457376212357,0.36793449550977286,0.36735725113693785,0.4502055011065444,0.551360544217687,0.4426770708283314,0.5198494182067077,0.4252275682704812,0.0,0.0,0.0,0.0,1.0,0.0,0.0,0.0,0.0,0.0,0.0,0.0,0.0,0.0,0.0,1.0,0.0,6
0.3454117647058824,0.7723692501575299,0.4116896375701889,0.16349709455890124,0.45856493178372915,0.82042364843503,0.7537414965986393,0.5576230492196879,0.3737166324435318,0.3884915474642393,0.0,0.0,0.0,0.0,0.0,0.0,0.0,0.0,0.0,0.0,0.0,0.0,0.0,0.0,1.0,1.0,0.0,9
0.5555294117647058,0.428481411468179,0.4326186830015314,0.49947173798203914,0.4451743304699343,0.2788491938033512,0.5129251700680271,0.1596638655462185,0.46611909650924027,0.5828998699609883,0.0,0.0,0.0,0.0,1.0,0.0,0.0,0.0,0.0,0.0,0.0,0.0,0.0,0.0,0.0,1.0,0.0,0
0.5611764705882353,0.5162255828607436,0.4464012251148546,0.5837295298468042,0.11571500757958564,0.5611760986405311,0.6061224489795918,0.31092436974789917,0.6396303901437372,0.3972691807542263,1.0,0.0,0.0,0.0,0.0,0.0,0.0,0.0,0.0,0.0,0.0,0.0,0.0,0.0,0.0,0.0,1.0,6
0.5496470588235294,0.33742911153119093,0.4489535477284329,0.752245113576334,0.6270843860535624,0.5317736326272526,0.39421768707482985,0.3181272509003602,0.1851471594798083,0.7103381014304292,0.0,0.0,0.0,0.0,1.0,0.0,0.0,0.0,0.0,0.0,0.0,0.0,0.0,0.0,0.0,1.0,0.0,1
0.3983529411764707,0.3134845620667927,0.5416028586013273,0.8444268357105125,0.6849418898433552,0.79481504900411,0.4857142857142856,0.38325330132052826,0.038329911019849394,0.5468140442132641,0.0,0.0,0.0,0.0,1.0,0.0,0.0,0.0,0.0,0.0,0.0,0.0,0.0,0.0,0.0,1.0,0.0,2
0.4385882352941177,0.17564587271581603,0.5290964777947933,0.615689381933439,0.7832238504295099,0.5735061650331963,0.8387755102040815,0.024609843937575038,0.11806981519507187,0.6365409622886866,0.0,0.0,0.0,0.0,1.0,0.0,0.0,0.0,0.0,0.0,0.0,0.0,0.0,0.0,0.0,1.0,0.0,8
0.5265882352941177,0.7610270951480782,0.5336906584992344,0.1822503961965135,0.3683678625568469,0.5561176098640531,0.6224489795918366,0.6908763505402161,0.5999315537303217,0.1892067620286086,0.0,0.0,0.0,0.0,0.0,0.0,0.0,0.0,0.0,1.0,0.0,0.0,0.0,0.0,0.0,0.0,1.0,3
0.32282352941176473,0.3972904851921865,0.8466054109239407,0.6315372424722663,0.25694795351187466,0.4593740120139108,0.26734693877551013,0.41326530612244905,0.6577686516084874,0.9118985695708713,0.0,0.0,0.0,0.0,0.0,0.0,1.0,0.0,0.0,0.0,0.0,0.0,0.0,0.0,0.0,0.0,1.0,4
0.2875294117647059,0.6810018903591682,0.7123532414497192,0.4273639725303751,0.2190500252652855,0.1994941511223522,0.2727891156462584,0.6467587034813926,0.7405886379192335,0.9083224967490249,0.0,0.0,0.0,0.0,0.0,0.0,1.0,0.0,0.0,0.0,0.0,0.0,0.0,0.0,0.0,0.0,1.0,9
0.26964705882352935,0.6537492123503466,0.4162838182746299,0.31378763866877973,0.4027286508337544,0.3376541258299083,0.8136054421768706,0.578031212484994,0.05509924709103353,0.634590377113134,0.0,0.0,0.0,0.0,0.0,0.0,0.0,0.0,0.0,0.0,1.0,0.0,0.0,0.0,0.0,1.0,0.0,3
0.236,0.5861688720856963,0.6472690148034712,0.7237189646064448,0.009853461344113135,0.4492570344609548,0.50578231292517,0.634153661464586,0.7594113620807666,0.44798439531859563,1.0,0.0,0.0,0.0,0.0,0.0,0.0,0.0,0.0,0.0,0.0,0.0,0.0,0.0,0.0,0.0,1.0,9
0.3254117647058824,0.7028985507246377,0.535732516590097,0.38668779714738516,0.4906518443658413,0.2551375276636105,0.693877551020408,0.4699879951980793,0.663586584531143,0.5786736020806242,0.0,0.0,0.0,0.0,0.0,0.0,0.0,0.0,0.0,0.0,0.0,1.0,0.0,0.0,0.0,1.0,0.0,4
0.635764705882353,0.4095778197857593,0.725114854517611,0.5472794506075014,0.3544719555330975,0.39645905785646535,0.35408163265306114,0.6020408163265307,0.770362765229295,0.47984395318595585,0.0,0.0,0.0,0.0,0.0,0.0,1.0,0.0,0.0,0.0,0.0,0.0,0.0,0.0,0.0,0.0,1.0,6
0.5449411764705883,0.30812854442344045,0.5962225625319041,0.4297411516111992,0.36331480545730166,0.6177679418273792,0.43299319727891145,0.6647659063625451,0.8110882956878851,0.6524707412223668,0.0,0.0,0.0,0.0,0.0,0.0,1.0,0.0,0.0,0.0,0.0,0.0,0.0,0.0,0.0,0.0,1.0,7
0.6463529411764706,0.6346880907372401,0.3859111791730475,0.20021130480718438,0.577311773623042,0.5953208978817578,0.47346938775510194,0.44897959183673475,0.636208076659822,0.3039661898569571,0.0,0.0,0.0,0.0,0.0,0.0,0.0,0.0,0.0,1.0,0.0,0.0,0.0,0.0,0.0,0.0,1.0,6
