a1,a2,a3,a4,a5,a6,a7,a8,a9,a10,a11,a12,a13,a14,a15,a16,y_true
0.44,0.86,0.14,0.77,0.0,0.34,0.28,0.01,0.7,0.0,1.0,0.33,0.85,0.76,0.48,1.0,0.0
0.19,0.82,0.16,0.48,0.45,0.18,0.11,0.0,0.0,0.44,0.18,0.84,0.58,1.0,1.0,0.95,5.0
0.44,0.93,0.0,1.0,0.32,0.6,0.85,0.27,0.61,0.0,0.41,0.36,1.0,0.65,0.72,0.88,8.0
0.06,0.95,0.53,1.0,0.72,0.68,0.63,0.33,0.43,0.0,0.0,0.2,0.43,0.4,1.0,0.48,7.0
0.0,0.86,0.26,1.0,0.55,0.96,0.57,0.68,0.45,0.41,0.42,0.12,0.68,0.01,1.0,0.0,2.0
1.0,1.0,0.41,0.89,0.08,0.59,0.02,0.23,0.46,0.0,0.88,0.23,0.43,0.43,0.0,0.24,6.0
0.0,0.33,0.35,0.52,0.67,0.75,0.97,1.0,1.0,0.9,0.83,0.61,0.68,0.31,0.56,0.0,1.0
0.53,0.62,0.7,0.73,0.77,1.0,0.7,0.75,0.63,0.48,0.35,0.22,0.0,0.05,1.0,0.0,1.0
0.14,0.81,0.0,0.41,0.34,0.0,0.87,0.03,1.0,0.56,0.7,1.0,0.2,0.99,0.07,0.49,0.0
0.39,0.96,0.57,0.59,1.0,0.94,0.34,1.0,0.61,0.66,0.78,0.66,0.71,0.15,0.0,0.0,9.0
0.76,1.0,0.37,0.88,0.0,0.54,0.44,0.33,0.96,0.58,1.0,0.66,0.6,0.33,0.23,0.0,4.0
0.21,0.86,0.72,1.0,0.85,0.72,0.7,0.43,0.79,0.41,1.0,0.15,0.47,0.0,0.0,0.18,3.0
0.19,0.89,0.64,1.0,0.7,0.61,0.41,0.27,0.0,0.04,0.04,0.03,0.52,0.04,1.0,0.0,2.0
0.35,0.9,1.0,1.0,0.39,0.88,0.11,0.55,0.62,0.64,0.89,0.36,0.57,0.04,0.0,0.0,5.0
1.0,0.64,0.96,1.0,0.49,0.79,0.75,0.4,0.57,0.0,0.0,0.15,0.46,0.45,0.97,0.69,8.0
1.0,1.0,0.57,0.94,0.29,0.76,0.48,0.63,0.83,0.49,0.71,0.19,0.36,0.0,0.0,0.04,5.0
0.89,0.75,0.77,1.0,0.0,0.83,0.38,0.56,1.0,0.81,0.91,0.5,0.74,0.12,0.02,0.0,9.0
0.3,0.69,0.38,1.0,0.82,0.88,0.76,0.53,0.43,0.24,0.0,0.0,0.43,0.06,1.0,0.06,2.0
0.73,1.0,0.22,0.62,0.0,0.0,0.65,0.14,1.0,0.73,0.42,0.82,0.51,0.65,0.41,0.37,0.0
1.0,0.91,0.71,1.0,0.38,0.83,0.78,0.87,0.88,0.7,0.64,0.42,0.35,0.18,0.0,0.0,9.0
0.67,0.93,0.4,1.0,0.68,0.76,0.76,0.92,1.0,0.55,0.94,0.13,0.49,0.0,0.0,0.06,9.0
0.31,0.9,0.63,1.0,1.0,0.76,0.75,0.36,0.56,0.0,0.96,0.34,0.61,0.43,0.0,0.45,7.0
0.0,0.74,0.44,0.86,0.94,1.0,1.0,0.85,0.79,0.64,0.54,0.42,0.31,0.21,0.08,0.0,1.0
0.72,0.57,1.0,0.85,0.41,1.0,0.11,0.68,0.78,0.69,0.85,0.52,0.69,0.15,0.0,0.0,9.0
0.26,0.65,0.56,1.0,0.58,0.88,0.46,0.44,0.15,0.11,0.0,0.0,0.5,0.01,1.0,0.04,1.0
0.89,1.0,0.8,0.97,0.44,0.61,0.44,0.2,0.99,0.0,1.0,0.31,0.4,0.46,0.0,0.29,6.0
0.3,0.75,0.47,1.0,0.64,0.69,0.47,0.35,0.15,0.08,0.0,0.0,0.5,0.05,1.0,0.0,2.0
0.41,0.83,0.88,0.7,0.78,1.0,0.41,0.8,0.94,0.64,1.0,0.28,0.56,0.01,0.0,0.0,9.0
0.0,0.89,0.45,1.0,0.77,0.8,0.72,0.45,0.7,0.1,0.59,0.0,0.48,0.24,1.0,0.28,7.0
0.39,1.0,0.17,0.84,0.0,0.63,0.08,0.42,0.42,0.33,0.79,0.3,1.0,0.18,0.78,0.0,4.0
0.92,0.93,0.73,0.92,0.12,1.0,0.0,0.7,0.49,0.5,1.0,0.27,0.65,0.0,0.05,0.07,5.0
1.0,0.79,0.64,1.0,0.3,0.86,0.63,0.73,0.77,0.63,0.72,0.27,0.42,0.0,0.0,0.05,9.0
0.25,0.9,0.24,1.0,0.61,0.9,0.31,0.64,0.77,0.53,1.0,0.27,0.68,0.04,0.0,0.0,3.0
0.0,0.98,0.3,1.0,0.66,0.98,1.0,0.93,0.76,0.71,0.56,0.46,0.47,0.17,0.43,0.0,7.0
0.42,0.79,0.93,1.0,0.89,0.96,0.39,0.78,0.51,0.43,1.0,0.33,0.56,0.03,0.0,0.0,5.0
0.23,0.57,0.7,0.39,1.0,0.0,0.4,0.01,0.51,0.43,0.89,0.83,0.6,1.0,0.0,0.75,8.0
0.26,1.0,0.06,0.58,0.59,0.94,1.0,0.5,0.61,0.0,0.0,0.0,0.3,0.6,0.16,0.98,9.0
0.33,0.86,0.09,0.65,0.75,0.71,0.72,0.25,0.03,0.0,0.0,0.46,0.12,0.93,1.0,1.0,5.0
0.31,0.87,0.22,0.49,0.83,1.0,0.0,0.74,0.45,0.67,0.23,0.0,1.0,0.37,0.15,0.38,8.0
0.13,0.71,0.51,1.0,1.0,0.78,0.57,0.39,0.15,0.0,0.79,0.08,0.25,0.44,0.0,0.82,8.0
0.7,0.62,1.0,0.93,0.27,1.0,0.27,0.67,0.66,0.33,0.55,0.0,0.0,0.15,0.47,0.45,8.0
0.08,0.79,0.47,1.0,0.47,0.86,0.39,0.48,0.45,0.12,1.0,0.08,0.44,0.05,0.0,0.0,1.0
0.0,0.82,0.32,0.75,0.7,0.88,1.0,1.0,0.89,0.75,0.75,0.5,0.61,0.25,0.54,0.0,1.0
0.0,0.75,0.23,0.96,0.68,1.0,1.0,0.86,0.72,0.62,0.77,0.33,0.5,0.12,0.1,0.0,3.0
0.29,0.83,0.61,1.0,1.0,0.97,0.79,0.75,0.58,0.49,0.61,0.19,0.38,0.0,0.0,0.05,3.0
1.0,1.0,0.91,0.9,0.76,0.75,0.62,0.6,0.44,0.45,0.29,0.3,0.15,0.15,0.0,0.0,1.0
0.2,0.89,0.57,0.6,1.0,0.3,0.82,0.0,0.0,0.08,0.05,0.41,0.45,0.71,0.85,1.0,8.0
0.0,0.7,0.35,0.87,0.59,1.0,0.61,0.79,0.64,0.58,0.72,0.37,0.81,0.17,1.0,0.0,1.0
0.55,0.78,0.81,1.0,0.67,0.7,0.51,0.4,0.36,0.1,0.0,0.0,0.49,0.04,1.0,0.07,1.0
0.21,0.93,0.0,0.65,0.56,0.35,0.48,0.0,0.17,0.26,0.61,0.6,1.0,0.95,0.32,1.0,8.0
0.39,0.58,1.0,0.79,0.88,1.0,0.06,0.8,0.0,0.54,0.89,0.68,0.63,0.39,0.31,0.0,9.0
0.0,0.76,0.3,1.0,0.82,0.97,1.0,0.71,0.8,0.44,0.47,0.2,0.4,0.0,0.98,0.0,2.0
0.09,0.74,0.38,1.0,0.53,0.78,0.3,0.43,0.0,0.17,0.27,0.08,0.63,0.06,1.0,0.0,2.0
0.65,1.0,0.07,0.99,0.0,0.69,0.62,0.73,0.77,0.72,1.0,0.35,0.63,0.08,0.02,0.0,9.0
0.21,1.0,0.19,0.7,0.32,1.0,0.45,0.52,0.63,0.07,0.0,0.0,0.34,0.08,1.0,0.13,1.0
1.0,0.99,0.89,1.0,0.46,0.75,0.15,0.48,0.0,0.2,0.43,0.0,0.96,0.1,0.24,0.22,6.0
0.4,0.72,0.16,0.5,0.96,0.69,0.7,1.0,0.0,0.73,0.65,0.57,1.0,0.47,0.94,0.0,9.0
0.0,0.74,0.3,1.0,0.66,0.87,0.51,0.51,0.21,0.21,0.04,0.0,0.52,0.01,1.0,0.07,2.0
0.29,1.0,0.0,0.7,0.35,0.48,0.82,0.61,1.0,0.96,0.71,0.65,0.41,0.33,0.16,0.0,4.0
0.76,0.69,0.24,0.51,0.0,0.72,0.39,1.0,0.91,0.99,1.0,0.66,0.93,0.32,0.87,0.0,9.0
0.54,0.96,0.6,0.67,0.87,0.34,0.48,0.0,0.14,0.26,0.0,0.72,0.4,1.0,1.0,0.99,5.0
0.0,0.9,0.43,1.0,0.74,0.81,0.71,0.57,0.49,0.35,0.19,0.13,0.43,0.0,1.0,0.01,2.0
0.0,0.87,0.27,1.0,0.55,0.87,0.68,0.68,0.82,0.5,1.0,0.32,1.0,0.13,0.73,0.0,3.0
0.4,0.63,0.51,1.0,0.56,0.89,0.54,0.51,0.54,0.14,0.0,0.0,0.46,0.01,1.0,0.05,1.0
0.0,0.0,0.38,0.14,0.71,0.32,0.93,0.55,1.0,0.81,0.76,1.0,0.48,0.82,0.73,0.62,9.0
0.05,0.39,0.0,0.61,0.55,0.84,1.0,1.0,0.73,0.75,0.55,0.5,0.45,0.25,0.59,0.0,1.0
0.0,0.66,0.35,1.0,0.45,0.92,0.41,0.38,0.22,0.01,0.05,0.0,0.53,0.03,1.0,0.06,1.0
0.0,0.56,0.13,1.0,0.5,0.89,0.4,0.4,0.1,0.02,0.12,0.04,0.58,0.0,1.0,0.17,2.0
0.48,0.91,0.91,0.99,1.0,1.0,0.55,0.93,0.25,0.63,0.57,0.34,0.44,0.02,0.0,0.0,5.0
0.97,1.0,0.45,0.84,0.0,0.62,0.02,0.46,0.48,0.41,1.0,0.45,0.58,0.23,0.21,0.0,4.0
0.04,1.0,0.0,1.0,0.07,0.69,0.56,0.55,1.0,0.67,0.86,0.6,0.62,0.31,0.55,0.0,4.0
1.0,0.35,0.94,0.76,0.62,1.0,0.22,0.75,0.0,0.37,0.18,0.0,0.58,0.17,0.71,0.55,0.0
0.56,0.6,0.65,1.0,1.0,0.83,0.81,0.39,0.51,0.0,0.85,0.16,0.56,0.5,0.0,0.55,8.0
0.11,0.23,0.44,0.0,0.87,0.15,1.0,0.5,0.83,0.84,0.41,1.0,0.0,0.8,0.02,0.46,0.0
0.0,0.79,0.27,0.93,0.6,1.0,0.77,0.8,0.72,0.54,0.64,0.28,0.66,0.04,1.0,0.0,2.0
0.24,0.88,0.59,1.0,1.0,0.91,0.89,0.64,0.61,0.42,0.28,0.22,0.0,0.0,0.47,0.02,2.0
0.59,0.72,0.36,1.0,0.0,0.72,0.23,0.36,0.52,0.0,0.0,0.01,0.44,0.27,1.0,0.55,8.0
0.0,0.54,0.49,0.75,0.96,1.0,0.91,0.75,0.69,0.45,0.51,0.16,0.27,0.0,1.0,0.06,1.0
0.43,1.0,0.1,0.76,0.0,0.47,0.1,0.18,0.53,0.0,1.0,0.12,0.86,0.36,0.33,0.38,6.0
0.0,0.82,0.42,1.0,0.73,1.0,0.63,0.58,0.52,0.16,0.19,0.08,0.5,0.03,1.0,0.0,1.0
0.0,0.84,0.5,1.0,0.72,0.79,0.37,0.52,0.51,0.41,1.0,0.27,0.62,0.03,0.03,0.0,3.0
0.0,0.95,0.49,1.0,1.0,0.98,0.85,0.63,0.5,0.31,0.13,0.0,0.13,0.27,0.6,0.29,7.0
0.0,0.84,0.03,0.73,0.3,0.98,1.0,1.0,0.9,0.79,0.73,0.48,0.61,0.16,0.59,0.0,7.0
0.54,0.77,0.3,0.37,0.0,0.0,0.13,0.25,0.55,0.54,1.0,0.8,0.89,1.0,0.37,0.86,8.0
0.23,0.65,0.67,0.85,1.0,1.0,0.87,0.75,0.77,0.49,0.72,0.23,0.46,0.0,0.0,0.0,1.0
0.0,0.94,0.08,0.99,0.55,1.0,0.95,0.89,1.0,0.65,0.82,0.41,0.55,0.2,0.26,0.0,7.0
0.49,0.79,0.69,1.0,0.9,0.72,0.67,0.43,0.29,0.21,0.0,0.03,0.5,0.06,1.0,0.0,2.0
1.0,1.0,0.43,0.95,0.56,0.56,0.59,0.17,0.0,0.0,0.17,0.34,0.65,0.65,0.72,0.95,8.0
0.09,0.32,0.6,0.62,0.8,1.0,0.06,0.93,0.36,0.56,1.0,0.27,0.57,0.0,0.0,0.25,8.0
0.0,0.61,0.34,0.91,0.51,1.0,0.48,0.6,0.45,0.19,0.04,0.0,0.48,0.01,1.0,0.03,1.0
0.0,0.82,0.51,0.83,0.86,1.0,0.56,0.74,0.42,0.49,0.4,0.23,0.16,0.0,1.0,0.01,1.0
0.26,0.73,0.0,0.66,0.38,1.0,0.5,0.9,0.2,0.47,0.06,0.19,0.52,0.0,1.0,0.09,2.0
0.48,0.87,0.13,0.59,0.0,0.1,0.43,0.0,0.84,0.29,1.0,0.77,0.64,1.0,0.26,0.68,0.0
1.0,0.79,0.52,1.0,0.0,0.78,0.25,0.5,0.83,0.68,0.99,0.77,0.83,0.38,0.62,0.0,9.0
0.19,0.79,0.53,1.0,0.91,0.92,0.83,0.65,0.93,0.45,1.0,0.22,0.54,0.06,0.0,0.0,3.0
0.84,0.88,1.0,1.0,0.7,0.73,0.46,0.47,0.32,0.19,0.51,0.0,0.41,0.25,0.0,0.08,6.0
0.0,0.62,0.48,0.8,0.89,1.0,0.96,0.78,1.0,0.55,0.96,0.33,0.96,0.1,0.85,0.0,1.0
0.47,0.8,0.71,1.0,1.0,0.89,0.38,0.72,0.44,0.48,0.91,0.23,0.45,0.0,0.0,0.1,3.0
0.2,0.65,0.43,0.94,0.76,1.0,0.58,0.64,0.44,0.27,0.0,0.01,0.18,0.04,1.0,0.0,1.0
0.65,0.87,1.0,1.0,0.73,0.87,0.37,0.74,0.64,0.58,0.67,0.21,0.36,0.0,0.0,0.12,5.0
0.34,0.58,0.45,1.0,0.54,0.6,0.35,0.18,0.0,0.0,0.22,0.17,0.61,0.08,1.0,0.09,2.0
0.22,0.7,0.46,0.96,1.0,1.0,0.86,0.72,0.68,0.47,0.9,0.2,0.47,0.0,0.0,0.08,3.0
1.0,1.0,0.0,0.86,0.0,0.72,0.0,0.57,0.0,0.43,0.0,0.28,0.5,0.14,0.5,0.0,1.0
0.61,1.0,1.0,0.84,0.84,0.62,0.37,0.53,0.71,0.39,0.87,0.15,0.47,0.0,0.0,0.04,3.0
0.22,0.96,0.34,0.66,0.91,0.4,0.56,0.0,0.0,0.04,0.06,0.58,0.31,0.94,1.0,1.0,5.0
0.5,0.7,0.6,1.0,1.0,0.97,0.91,0.61,0.88,0.47,0.83,0.15,0.43,0.0,0.0,0.07,3.0
0.4,0.64,0.67,0.82,1.0,1.0,0.81,0.8,0.6,0.6,0.38,0.4,0.15,0.2,0.0,0.0,1.0
0.62,0.76,0.0,0.82,0.29,1.0,0.9,0.98,1.0,0.74,0.9,0.49,0.75,0.25,0.7,0.0,9.0
0.44,1.0,0.0,0.61,0.22,0.28,0.93,0.21,1.0,0.5,0.69,0.93,0.61,0.48,0.56,0.0,4.0
0.12,0.66,0.51,0.92,1.0,1.0,0.74,0.7,0.36,0.42,0.0,0.15,0.35,0.0,1.0,0.09,2.0
0.61,0.96,0.0,0.83,0.61,0.66,1.0,0.3,0.49,0.0,0.05,0.3,0.39,0.68,0.42,1.0,8.0
0.54,0.78,0.77,1.0,0.64,0.6,0.36,0.27,0.0,0.02,0.12,0.04,0.56,0.02,1.0,0.0,2.0
0.16,1.0,0.0,0.78,0.05,0.54,0.41,0.32,0.93,0.39,1.0,0.48,0.91,0.24,0.89,0.0,4.0
0.0,0.72,0.54,0.82,0.96,1.0,1.0,0.88,0.85,0.66,0.69,0.44,0.54,0.22,0.42,0.0,1.0
0.01,0.97,0.68,0.98,0.39,1.0,0.21,0.63,0.55,0.5,1.0,0.25,0.46,0.0,0.0,0.19,5.0
0.96,0.43,0.63,0.0,0.01,0.07,0.0,0.57,0.38,1.0,1.0,0.94,0.81,0.45,0.36,0.07,0.0
1.0,0.76,0.73,1.0,0.18,0.95,0.11,0.66,0.66,0.65,0.74,0.48,0.49,0.16,0.0,0.0,9.0
0.0,0.69,0.26,1.0,0.54,0.67,0.45,0.23,0.05,0.0,0.06,0.0,0.53,0.0,1.0,0.01,2.0
1.0,1.0,0.88,0.93,0.45,0.71,0.0,0.48,0.78,0.45,0.75,0.48,0.45,0.24,0.32,0.0,4.0
0.54,0.85,0.94,1.0,0.96,0.61,0.79,0.22,0.84,0.0,1.0,0.32,0.53,0.52,0.0,0.58,8.0
0.0,0.71,0.24,1.0,0.6,1.0,0.61,0.63,0.41,0.29,0.16,0.0,0.58,0.03,1.0,0.02,2.0
0.33,1.0,0.0,0.76,0.45,0.78,0.67,0.86,0.86,0.57,1.0,0.26,0.8,0.0,0.29,0.03,9.0
0.23,0.75,0.53,1.0,0.75,0.78,0.44,0.5,0.0,0.32,0.02,0.18,0.5,0.08,1.0,0.0,2.0
0.23,0.72,0.44,1.0,0.73,0.86,0.51,0.5,0.19,0.2,0.0,0.08,0.5,0.0,1.0,0.11,2.0
0.06,0.48,0.32,0.77,0.75,1.0,1.0,0.79,0.73,0.51,0.33,0.26,0.0,0.01,0.62,0.0,2.0
0.36,0.66,0.71,1.0,0.62,0.7,0.48,0.23,0.21,0.0,0.0,0.05,0.5,0.08,1.0,0.1,1.0
0.51,0.85,0.83,1.0,1.0,0.9,0.81,0.66,0.73,0.4,0.73,0.16,0.39,0.02,0.0,0.0,3.0
0.95,0.96,0.56,0.84,0.0,0.47,0.57,0.39,1.0,0.55,0.93,1.0,0.86,0.48,0.81,0.0,4.0
0.47,0.65,0.63,1.0,0.77,0.72,0.49,0.31,0.11,0.01,0.0,0.0,0.5,0.01,1.0,0.03,2.0
1.0,0.95,0.52,0.99,0.0,1.0,0.18,0.68,0.7,0.65,0.82,0.28,0.42,0.0,0.01,0.07,5.0
0.0,0.91,0.47,0.7,0.62,1.0,0.43,0.78,0.91,0.7,1.0,0.3,0.68,0.0,0.29,0.12,9.0
0.0,0.87,0.42,1.0,1.0,0.94,0.87,0.73,0.67,0.53,0.64,0.32,0.69,0.11,0.22,0.0,3.0
1.0,1.0,0.57,0.92,0.24,0.87,0.0,0.58,0.33,0.57,0.66,0.42,0.48,0.13,0.08,0.0,5.0
0.3,0.97,0.82,1.0,0.65,0.67,0.19,0.87,0.81,0.83,1.0,0.39,0.68,0.0,0.0,0.16,9.0
0.87,0.73,0.57,1.0,0.12,0.87,0.0,0.41,0.27,0.04,0.73,0.0,1.0,0.38,0.94,0.67,0.0
0.11,0.35,0.43,0.6,0.83,0.84,1.0,1.0,0.6,0.75,0.31,0.51,0.09,0.25,0.0,0.0,1.0
0.0,0.83,0.28,1.0,0.85,0.88,0.74,0.43,0.43,0.0,0.08,0.0,0.38,0.2,1.0,0.25,7.0
0.54,0.74,0.72,1.0,0.76,0.7,0.57,0.38,0.26,0.09,0.0,0.03,0.5,0.0,1.0,0.01,2.0
0.0,0.58,0.04,0.67,0.42,0.83,0.79,1.0,1.0,0.98,0.81,0.66,0.65,0.34,0.66,0.0,1.0
0.57,1.0,0.3,0.77,0.08,0.53,0.0,0.28,0.1,0.04,0.6,0.0,1.0,0.16,0.62,0.24,6.0
0.97,0.98,0.19,0.8,1.0,0.57,0.69,1.0,0.45,0.5,0.0,0.19,0.73,0.0,0.31,0.43,8.0
0.0,0.68,0.43,0.82,0.9,1.0,1.0,0.94,0.87,0.71,0.78,0.47,0.76,0.23,0.81,0.0,1.0
0.33,0.7,0.68,1.0,0.68,0.78,0.61,0.36,0.42,0.05,0.0,0.02,0.5,0.02,1.0,0.0,1.0
0.47,0.73,0.82,0.95,1.0,1.0,0.89,0.75,0.79,0.49,0.76,0.24,0.47,0.0,0.0,0.02,1.0
0.28,0.95,0.39,0.84,0.67,1.0,0.42,0.9,0.81,0.62,1.0,0.27,0.56,0.03,0.0,0.0,9.0
0.0,0.77,0.49,1.0,1.0,0.74,0.85,0.37,0.58,0.0,0.93,0.13,0.69,0.48,0.05,0.74,8.0
0.1,0.77,0.0,0.52,0.3,1.0,0.31,1.0,0.44,0.44,0.18,0.0,0.21,0.08,1.0,0.12,1.0
0.61,0.92,1.0,1.0,0.74,0.85,0.55,0.51,0.92,0.36,0.78,0.02,0.38,0.0,0.0,0.11,5.0
0.0,0.71,0.07,0.96,0.53,1.0,1.0,0.94,0.78,0.7,0.52,0.47,0.29,0.24,0.14,0.0,7.0
0.48,0.88,1.0,1.0,0.92,0.63,0.56,0.3,0.16,0.0,0.0,0.15,0.3,0.39,0.91,0.38,7.0
0.0,0.95,0.03,0.97,0.69,1.0,1.0,1.0,0.52,0.8,0.23,0.55,0.16,0.26,0.34,0.0,7.0
1.0,1.0,0.86,0.89,0.42,0.71,0.0,0.52,0.23,0.39,0.62,0.46,0.35,0.23,0.09,0.0,4.0
0.41,0.91,0.75,1.0,0.72,0.71,0.69,0.56,1.0,0.41,0.74,0.15,0.28,0.0,0.0,0.12,3.0
0.0,0.9,0.53,1.0,0.86,0.75,0.75,0.38,0.66,0.0,0.93,0.04,1.0,0.33,0.42,0.4,7.0
0.42,0.67,0.69,1.0,0.79,0.59,0.47,0.22,0.02,0.0,0.0,0.16,0.5,0.24,1.0,0.19,2.0
0.37,0.55,1.0,0.72,0.94,1.0,0.52,0.75,0.57,0.37,0.57,0.0,0.0,0.02,0.09,0.36,8.0
0.0,0.81,0.2,1.0,0.64,1.0,1.0,0.85,0.72,0.6,0.35,0.42,0.46,0.21,0.79,0.0,3.0
0.0,0.55,0.27,0.75,0.6,0.93,1.0,1.0,1.0,0.74,0.89,0.5,0.75,0.25,0.64,0.0,1.0
1.0,0.93,0.68,1.0,0.4,0.91,0.56,0.74,0.88,0.63,0.63,0.39,0.31,0.2,0.0,0.0,5.0
0.26,0.97,0.29,1.0,0.75,0.99,1.0,0.83,0.82,0.61,0.56,0.39,0.27,0.2,0.0,0.0,7.0
0.02,0.71,0.32,0.61,1.0,0.44,1.0,0.0,0.29,0.05,0.0,0.5,0.23,0.89,0.98,1.0,5.0
0.38,0.76,0.58,1.0,0.21,0.65,0.0,0.27,0.44,0.0,1.0,0.22,0.45,0.36,0.22,0.08,6.0
0.0,0.55,0.06,0.7,0.54,0.9,1.0,1.0,0.76,0.75,0.49,0.5,0.24,0.25,0.05,0.0,1.0
0.15,0.59,0.57,0.81,1.0,1.0,0.79,0.72,0.65,0.44,0.53,0.15,0.0,0.01,0.21,0.0,1.0
0.46,0.92,0.77,1.0,1.0,0.97,0.56,0.9,0.5,0.55,0.81,0.33,0.41,0.12,0.0,0.0,5.0
0.56,0.87,0.91,1.0,0.81,0.72,0.61,0.58,1.0,0.41,0.87,0.12,0.38,0.0,0.0,0.12,3.0
0.02,0.74,0.05,0.95,0.7,1.0,1.0,0.89,0.66,0.67,0.31,0.45,0.0,0.22,0.02,0.0,7.0
0.35,0.74,0.17,0.8,0.96,1.0,1.0,0.93,0.7,0.7,0.39,0.47,0.13,0.23,0.0,0.0,1.0
0.0,0.69,0.23,0.83,0.82,1.0,1.0,0.95,0.86,0.7,0.75,0.44,0.62,0.19,0.64,0.0,1.0
0.0,0.34,0.16,0.54,0.51,0.77,0.89,1.0,0.86,0.75,0.73,0.5,0.7,0.24,1.0,0.0,1.0
0.0,0.93,0.7,1.0,1.0,0.88,0.95,0.7,0.75,0.52,0.7,0.34,0.55,0.17,0.45,0.0,1.0
0.0,0.92,0.42,1.0,0.9,1.0,1.0,0.83,0.71,0.63,0.57,0.4,0.44,0.17,0.14,0.0,3.0
0.0,0.78,0.18,0.96,0.59,0.95,1.0,1.0,0.86,0.82,0.66,0.56,0.52,0.29,0.47,0.0,7.0
0.38,0.75,0.62,1.0,0.56,0.76,0.28,0.5,0.0,0.24,0.04,0.0,0.52,0.01,1.0,0.06,2.0
1.0,0.96,0.54,0.84,0.0,0.74,0.33,1.0,0.85,0.98,0.67,0.62,0.36,0.29,0.37,0.0,9.0
0.19,0.7,0.0,0.86,0.46,1.0,0.94,0.92,1.0,0.68,0.83,0.44,0.59,0.22,0.41,0.0,9.0
0.0,0.62,0.34,0.93,0.81,1.0,0.85,0.61,0.53,0.28,0.11,0.17,0.56,0.19,1.0,0.0,2.0
0.23,0.66,0.82,0.89,1.0,1.0,0.85,0.63,0.79,0.25,0.45,0.0,0.0,0.02,0.77,0.04,1.0
0.0,0.74,0.16,0.8,0.57,0.96,1.0,1.0,0.86,0.75,0.66,0.5,0.47,0.25,0.39,0.0,1.0
0.0,0.91,0.32,1.0,0.65,0.97,0.92,0.76,1.0,0.38,0.95,0.0,0.68,0.25,0.91,0.35,7.0
0.66,1.0,1.0,0.94,0.91,0.69,0.69,0.47,0.95,0.24,0.74,0.02,0.36,0.0,0.0,0.09,3.0
0.13,0.78,0.77,0.78,0.74,1.0,0.0,0.89,0.49,0.78,0.99,0.71,0.91,0.35,1.0,0.0,9.0
0.0,0.66,0.63,0.77,1.0,1.0,0.8,0.93,0.6,0.69,0.43,0.45,0.37,0.21,0.5,0.0,1.0
0.82,1.0,0.16,0.9,0.0,0.58,0.6,0.58,0.93,0.89,1.0,0.6,0.85,0.26,0.41,0.0,9.0
0.59,0.78,0.6,1.0,0.07,0.94,0.0,0.65,0.53,0.57,1.0,0.42,0.8,0.14,0.32,0.0,9.0
0.31,0.94,0.85,1.0,1.0,0.77,0.78,0.49,0.59,0.21,0.43,0.0,0.0,0.19,0.51,0.25,7.0
0.51,1.0,0.23,0.74,0.07,0.34,0.35,0.0,0.99,0.06,1.0,0.34,0.34,0.31,0.0,0.01,6.0
0.0,0.62,0.21,1.0,0.27,0.8,0.26,0.35,0.04,0.04,0.12,0.0,0.55,0.02,1.0,0.05,1.0
0.14,0.73,0.52,1.0,0.66,0.98,0.5,0.55,0.35,0.12,0.0,0.07,0.5,0.03,1.0,0.0,1.0
0.0,0.64,0.15,0.76,0.63,0.97,1.0,1.0,0.85,0.74,0.74,0.49,0.67,0.23,0.89,0.0,1.0
0.0,0.92,0.33,0.99,0.84,1.0,1.0,0.92,0.67,0.71,0.45,0.47,0.3,0.21,0.27,0.0,7.0
0.29,0.8,0.53,1.0,0.07,0.7,0.0,0.49,0.83,0.48,1.0,0.65,0.61,0.33,0.29,0.0,4.0
0.39,0.51,0.76,0.82,1.0,1.0,0.71,0.65,0.44,0.31,0.0,0.01,0.29,0.0,0.97,0.02,1.0
0.11,1.0,0.0,0.74,0.43,0.56,1.0,0.56,0.88,0.83,0.87,0.55,0.84,0.27,0.87,0.0,4.0
1.0,0.98,0.85,0.99,0.38,1.0,0.26,0.71,0.66,0.56,0.79,0.36,0.4,0.18,0.0,0.0,5.0
0.07,0.77,0.43,1.0,0.59,0.77,0.36,0.41,0.03,0.1,0.0,0.0,0.54,0.0,1.0,0.2,2.0
0.0,0.72,0.19,1.0,0.27,0.6,0.1,0.21,0.02,0.01,0.35,0.0,0.68,0.01,1.0,0.08,2.0
0.79,0.87,0.98,0.81,0.71,1.0,0.72,0.73,1.0,0.66,0.91,0.21,0.48,0.0,0.0,0.13,9.0
0.17,0.83,0.57,1.0,0.87,0.83,0.61,0.58,0.27,0.36,0.0,0.13,0.51,0.08,1.0,0.0,2.0
0.0,0.94,0.32,1.0,0.77,0.98,1.0,0.81,0.83,0.6,0.6,0.4,0.38,0.2,0.22,0.0,7.0
0.0,0.66,0.09,0.89,0.55,1.0,1.0,0.92,0.79,0.68,0.5,0.46,0.3,0.22,0.47,0.0,7.0
0.78,1.0,0.6,0.77,1.0,0.93,0.54,0.84,0.66,0.59,0.86,0.34,0.7,0.09,0.0,0.0,9.0
0.64,0.81,0.07,0.82,0.54,0.74,1.0,1.0,0.04,0.87,0.82,0.61,0.55,0.29,0.0,0.0,9.0
0.0,0.64,0.24,0.78,1.0,1.0,0.76,0.96,0.41,0.72,0.12,0.47,0.06,0.23,0.35,0.0,1.0
0.38,0.81,0.92,1.0,1.0,0.66,0.65,0.33,0.37,0.0,1.0,0.2,0.67,0.51,0.0,0.72,8.0
0.0,0.8,0.43,0.93,0.91,1.0,0.96,0.8,0.75,0.57,1.0,0.36,0.9,0.14,0.48,0.0,3.0
0.0,1.0,0.13,0.72,0.87,0.78,0.58,0.97,0.49,0.8,1.0,0.58,0.7,0.29,0.47,0.0,9.0
0.5,0.91,1.0,1.0,0.9,0.97,0.62,0.69,1.0,0.43,0.99,0.11,0.51,0.0,0.0,0.01,5.0
0.71,1.0,0.4,0.85,0.0,0.63,0.19,0.42,0.88,0.45,1.0,0.52,0.8,0.26,0.69,0.0,4.0
0.11,0.83,0.41,1.0,0.47,0.67,0.25,0.35,0.08,0.0,0.0,0.31,0.49,0.32,1.0,0.31,7.0
0.0,0.93,0.32,0.99,0.81,1.0,1.0,0.92,0.84,0.69,0.7,0.46,0.6,0.23,0.59,0.0,7.0
0.35,0.64,0.64,1.0,0.66,0.85,0.59,0.38,1.0,0.06,0.86,0.06,0.23,0.04,0.0,0.0,1.0
0.62,0.97,0.85,1.0,0.42,0.77,0.49,0.67,1.0,0.57,0.94,0.23,0.5,0.0,0.0,0.09,5.0
0.12,1.0,0.0,0.7,0.64,0.68,1.0,0.87,0.82,0.9,0.67,0.6,0.54,0.3,0.5,0.0,4.0
0.66,1.0,0.26,0.87,0.0,0.68,0.54,0.63,1.0,0.57,0.64,0.4,0.33,0.21,0.09,0.0,4.0
0.39,0.92,0.89,1.0,0.95,0.77,0.53,0.57,0.91,0.45,1.0,0.17,0.55,0.0,0.0,0.02,3.0
0.6,0.89,0.69,1.0,1.0,0.88,0.69,0.68,0.48,0.47,0.76,0.29,0.4,0.13,0.0,0.0,3.0
0.58,0.85,0.14,0.54,0.35,0.02,1.0,0.58,0.65,1.0,0.21,0.48,0.6,0.64,0.0,0.0,0.0
0.18,1.0,0.8,0.95,0.9,0.61,0.52,0.26,0.26,0.0,1.0,0.16,0.79,0.32,0.0,0.36,7.0
0.0,0.33,0.66,0.6,1.0,1.0,0.48,0.78,0.84,0.37,0.52,0.0,0.3,0.32,0.85,0.68,8.0
0.0,0.82,0.35,1.0,0.73,0.84,0.65,0.46,0.32,0.19,0.14,0.23,0.59,0.16,1.0,0.0,2.0
0.87,0.87,0.44,1.0,0.24,0.74,0.7,0.67,1.0,0.57,0.89,0.12,0.46,0.0,0.0,0.11,9.0
0.34,1.0,0.24,1.0,0.0,0.53,0.08,0.04,0.59,0.0,1.0,0.34,0.69,0.68,0.14,0.69,0.0
0.08,0.91,0.63,1.0,1.0,0.82,0.79,0.55,0.42,0.31,0.0,0.11,0.37,0.01,1.0,0.0,2.0
0.77,1.0,0.48,0.9,0.24,0.3,0.56,0.0,1.0,0.43,0.9,0.94,0.34,0.72,0.0,0.21,0.0
0.21,0.71,0.65,1.0,0.95,0.77,0.65,0.34,0.24,0.0,0.0,0.1,0.51,0.23,1.0,0.01,2.0
0.04,0.73,0.53,0.91,1.0,1.0,0.47,0.88,0.2,0.41,0.72,0.36,0.52,0.01,0.0,0.0,5.0
0.0,0.81,0.35,0.92,1.0,1.0,0.95,0.7,0.73,0.32,0.67,0.0,0.34,0.2,0.96,0.31,7.0
0.13,0.67,0.0,0.93,0.78,1.0,1.0,0.71,0.6,0.41,0.09,0.15,0.09,0.0,0.89,0.06,2.0
1.0,1.0,0.61,0.91,0.3,0.7,0.07,0.41,0.11,0.07,0.48,0.0,0.39,0.2,0.0,0.22,6.0
0.29,0.85,0.82,1.0,1.0,1.0,0.43,0.85,0.27,0.51,0.81,0.32,0.57,0.0,0.0,0.0,5.0
0.63,1.0,0.4,0.73,0.7,0.63,1.0,0.77,0.79,0.74,0.55,0.48,0.29,0.23,0.0,0.0,4.0
0.0,0.85,0.21,1.0,0.66,0.98,0.83,0.77,0.9,0.53,1.0,0.3,0.75,0.1,0.35,0.0,3.0
0.0,0.78,0.19,0.95,0.58,1.0,0.92,0.89,1.0,0.67,0.92,0.44,0.81,0.21,0.67,0.0,9.0
0.0,0.5,0.51,0.73,0.85,1.0,0.75,0.67,0.53,0.36,0.15,0.08,0.25,0.02,1.0,0.0,1.0
0.21,1.0,0.62,0.95,0.57,0.54,0.53,0.13,0.38,0.0,0.0,0.19,0.49,0.17,1.0,0.16,7.0
0.0,1.0,0.13,0.96,0.04,0.69,0.11,0.42,0.61,0.43,0.93,0.53,0.87,0.26,1.0,0.0,4.0
0.34,1.0,0.32,1.0,0.08,0.64,0.0,0.27,0.41,0.0,1.0,0.1,0.76,0.42,0.19,0.6,6.0
0.0,0.85,0.43,1.0,1.0,0.95,0.85,0.74,0.44,0.57,0.33,0.37,0.5,0.16,0.09,0.0,3.0
0.22,0.94,0.0,0.92,0.27,1.0,1.0,0.99,0.68,0.51,0.48,0.0,0.24,0.24,0.94,0.36,7.0
0.1,0.76,0.49,1.0,0.73,0.74,0.47,0.43,1.0,0.31,0.83,0.02,0.15,0.0,0.0,0.25,3.0
1.0,0.88,0.67,1.0,0.31,0.8,0.61,0.55,1.0,0.34,0.95,0.05,0.45,0.03,0.0,0.0,5.0
0.0,0.75,0.08,1.0,0.4,0.91,0.28,0.59,0.07,0.31,0.13,0.08,0.56,0.05,1.0,0.0,2.0
0.19,0.73,0.54,0.91,1.0,1.0,0.99,0.78,0.86,0.52,0.78,0.26,0.43,0.08,0.0,0.0,3.0
1.0,1.0,0.57,0.88,0.38,0.72,0.19,0.58,0.05,0.44,0.0,0.29,0.0,0.14,0.05,0.0,1.0
0.24,0.8,0.59,0.95,1.0,1.0,0.63,0.92,0.25,0.78,0.21,0.47,0.36,0.16,0.0,0.0,5.0
0.66,1.0,0.73,0.96,0.34,0.72,0.0,0.48,0.39,0.31,1.0,0.46,0.75,0.26,0.64,0.0,4.0
0.0,0.84,0.46,0.86,0.91,1.0,1.0,0.94,0.85,0.7,0.72,0.45,0.61,0.2,0.62,0.0,1.0
0.93,0.71,0.19,0.73,0.0,0.92,0.67,1.0,1.0,0.78,0.74,0.5,0.38,0.25,0.0,0.0,9.0
0.44,0.89,0.97,1.0,0.76,0.93,0.36,0.67,0.88,0.6,1.0,0.29,0.57,0.06,0.0,0.0,5.0
0.0,0.69,0.52,0.6,1.0,0.77,0.74,1.0,0.23,0.89,0.47,0.69,0.55,0.36,0.51,0.0,9.0
0.0,0.66,0.57,0.8,1.0,1.0,0.97,0.89,0.87,0.64,0.89,0.4,0.84,0.15,0.34,0.0,1.0
0.87,0.9,0.38,1.0,0.0,0.82,0.46,0.71,1.0,0.71,0.73,0.47,0.38,0.24,0.27,0.0,9.0
0.0,0.97,0.76,1.0,1.0,0.74,0.62,0.4,0.33,0.06,0.04,0.0,0.11,0.22,0.91,0.24,7.0
0.15,0.81,0.0,0.68,0.14,0.97,0.77,1.0,1.0,0.95,0.8,0.62,0.68,0.28,0.63,0.0,7.0
0.52,0.69,0.61,1.0,1.0,0.93,0.77,0.6,0.42,0.31,0.0,0.03,0.26,0.0,0.97,0.01,2.0
0.71,0.99,0.55,1.0,0.0,0.72,0.29,0.56,1.0,0.7,0.73,0.66,0.35,0.33,0.06,0.0,4.0
0.53,1.0,0.0,0.75,0.07,0.43,1.0,0.52,0.5,0.76,0.16,0.91,0.14,0.44,0.28,0.0,4.0
0.0,0.92,0.33,1.0,0.97,0.83,0.82,0.41,0.59,0.0,1.0,0.09,0.82,0.37,0.07,0.45,7.0
0.0,1.0,1.0,0.91,0.0,0.76,0.0,0.6,0.0,0.45,0.0,0.3,0.0,0.15,1.0,0.0,1.0
0.0,0.68,0.34,0.93,0.99,1.0,1.0,0.66,0.66,0.35,0.13,0.11,0.01,0.0,0.76,0.02,2.0
0.05,0.65,0.0,0.89,0.37,1.0,0.88,0.97,1.0,0.79,0.71,0.53,0.48,0.26,0.59,0.0,7.0
1.0,1.0,0.63,0.87,0.35,0.68,0.16,0.47,0.02,0.25,0.0,0.02,0.32,0.0,0.3,0.21,6.0
0.0,0.62,0.16,1.0,0.37,0.82,0.24,0.42,0.08,0.08,0.38,0.02,0.69,0.0,1.0,0.0,2.0
0.0,0.63,0.36,1.0,0.81,0.93,0.66,0.44,0.3,0.05,0.0,0.0,0.47,0.19,1.0,0.1,2.0
0.99,0.74,0.62,1.0,0.23,0.75,0.6,0.53,0.95,0.58,1.0,0.11,0.49,0.01,0.0,0.0,9.0
0.0,0.87,0.18,0.95,0.89,1.0,1.0,0.79,0.64,0.41,0.38,0.0,0.01,0.1,0.52,0.24,7.0
0.16,1.0,0.06,0.51,0.58,0.34,0.24,0.0,0.03,0.29,0.0,0.81,0.46,0.99,1.0,0.99,5.0
0.12,0.72,0.75,0.91,1.0,1.0,0.56,0.8,0.19,0.6,0.06,0.4,0.0,0.2,0.0,0.0,1.0
0.33,0.91,0.07,0.71,0.57,0.45,0.52,0.0,0.0,0.06,0.08,0.58,0.28,1.0,1.0,0.97,5.0
0.1,0.82,0.15,0.51,0.7,0.36,0.54,0.0,0.2,0.28,0.0,0.73,0.42,0.91,1.0,1.0,5.0
0.45,0.87,0.41,1.0,0.89,0.96,0.54,0.65,0.68,0.55,1.0,0.26,0.6,0.0,0.0,0.03,3.0
0.9,1.0,0.43,0.79,0.0,0.56,0.51,0.58,1.0,0.69,0.97,0.61,0.79,0.28,0.6,0.0,4.0
0.08,0.73,0.22,1.0,0.34,0.65,0.26,0.29,0.0,0.02,0.16,0.0,0.58,0.03,1.0,0.06,2.0
0.44,0.6,0.0,0.77,0.47,0.99,1.0,1.0,0.84,0.75,0.75,0.5,0.75,0.24,1.0,0.0,1.0
0.29,0.95,0.93,0.67,0.84,1.0,0.1,0.68,0.0,0.18,0.74,0.0,1.0,0.44,0.17,0.44,8.0
0.75,0.67,0.92,1.0,0.4,0.95,0.68,0.7,1.0,0.7,0.94,0.29,0.56,0.0,0.0,0.0,9.0
0.34,0.94,0.26,0.63,0.62,0.29,0.51,0.0,0.68,0.35,1.0,0.69,0.83,1.0,0.0,0.86,8.0
0.2,0.87,1.0,1.0,0.8,0.83,0.4,0.66,0.2,0.49,0.0,0.33,0.0,0.15,1.0,0.0,1.0
0.79,0.68,1.0,0.94,0.47,1.0,0.0,0.83,0.27,0.62,0.84,0.58,0.91,0.3,0.8,0.0,9.0
1.0,0.9,0.4,1.0,0.0,0.73,0.75,0.76,0.94,0.95,0.87,0.63,0.75,0.31,0.77,0.0,9.0
0.27,0.76,0.62,1.0,0.84,0.76,0.66,0.41,0.37,0.11,0.0,0.03,0.5,0.01,1.0,0.0,2.0
0.0,0.75,0.08,1.0,0.52,0.99,0.96,0.98,1.0,0.81,0.83,0.54,0.68,0.27,0.58,0.0,7.0
0.97,0.94,0.61,1.0,0.28,0.77,0.67,0.71,1.0,0.47,0.86,0.08,0.43,0.0,0.0,0.12,5.0
0.95,1.0,0.57,0.92,0.83,0.76,1.0,0.88,0.88,0.64,0.68,0.39,0.39,0.18,0.0,0.0,9.0
1.0,1.0,0.53,0.77,0.2,0.4,0.13,0.0,0.65,0.15,0.94,0.51,0.56,0.78,0.0,0.78,0.0
0.0,0.6,0.17,0.92,0.25,1.0,0.29,0.63,0.34,0.26,0.15,0.0,0.55,0.03,1.0,0.05,1.0
0.16,0.78,0.0,1.0,0.76,0.92,1.0,0.78,0.77,0.35,0.74,0.0,0.98,0.32,0.27,0.38,7.0
0.77,1.0,0.53,0.9,0.0,0.43,0.13,0.0,0.86,0.34,1.0,0.84,0.73,0.51,0.1,0.09,0.0
0.98,1.0,0.36,0.99,0.0,0.69,0.3,0.52,0.89,0.49,1.0,0.04,0.42,0.0,0.09,0.36,5.0
0.41,0.73,0.6,1.0,0.72,0.73,0.61,0.4,0.37,0.1,0.0,0.0,0.49,0.01,1.0,0.02,2.0
0.02,0.77,0.54,1.0,1.0,0.79,0.86,0.47,0.59,0.16,0.63,0.0,0.73,0.27,0.0,0.43,8.0
0.0,0.75,0.47,1.0,1.0,0.94,0.94,0.58,0.6,0.27,0.07,0.04,0.3,0.05,0.98,0.0,2.0
0.56,0.97,0.42,1.0,0.0,0.74,0.52,0.6,1.0,0.81,0.74,0.6,0.5,0.3,0.33,0.0,4.0
0.23,0.59,0.26,1.0,0.64,0.98,0.58,0.57,0.33,0.2,0.0,0.0,0.5,0.1,1.0,0.05,2.0
0.0,0.82,0.38,1.0,0.62,0.95,0.31,0.75,0.23,0.57,0.23,0.37,0.46,0.18,1.0,0.0,1.0
0.99,0.81,0.52,0.58,0.0,0.5,0.3,0.82,0.8,1.0,1.0,0.7,0.73,0.34,0.45,0.0,9.0
0.43,0.97,0.8,0.79,0.22,0.66,0.35,1.0,0.86,0.75,1.0,0.23,0.48,0.0,0.0,0.24,9.0
0.77,0.99,0.43,0.77,0.34,0.36,0.0,0.0,0.23,0.34,0.66,0.68,1.0,1.0,0.39,0.78,8.0
0.89,0.94,0.56,1.0,0.15,0.83,0.34,0.56,0.89,0.54,1.0,0.19,0.55,0.0,0.0,0.1,5.0
0.78,1.0,0.23,0.83,0.59,0.64,1.0,0.83,0.76,0.74,0.77,0.46,0.55,0.2,0.0,0.0,9.0
0.0,0.67,0.48,0.99,0.71,1.0,0.74,0.56,0.75,0.1,0.09,0.0,0.19,0.0,1.0,0.03,1.0
0.21,1.0,0.13,0.7,0.0,0.38,0.06,0.17,0.73,0.2,1.0,0.28,0.62,0.32,0.56,0.0,4.0
0.0,0.97,0.28,0.78,1.0,0.95,0.16,1.0,0.01,0.81,0.8,0.64,0.53,0.25,0.11,0.0,9.0
1.0,0.87,0.19,1.0,0.17,0.67,0.92,0.39,0.75,0.0,0.0,0.2,0.29,0.6,0.94,0.92,8.0
0.0,0.72,0.62,0.95,0.74,1.0,0.69,0.74,0.72,0.49,0.79,0.23,0.51,0.0,1.0,0.0,1.0
0.08,0.9,0.81,1.0,0.76,0.97,0.12,0.8,0.64,0.7,1.0,0.44,0.66,0.15,0.0,0.0,5.0
0.27,0.73,0.81,1.0,0.83,0.91,0.78,0.52,0.62,0.14,0.0,0.0,0.29,0.01,1.0,0.05,1.0
0.88,1.0,0.42,0.8,0.0,0.48,0.99,0.52,1.0,0.76,0.73,0.86,0.65,0.39,0.78,0.0,4.0
0.0,0.89,0.1,1.0,0.46,0.82,0.11,0.58,0.32,0.5,0.94,0.43,1.0,0.18,0.52,0.0,3.0
0.55,0.82,0.95,1.0,0.98,0.83,0.64,0.62,0.91,0.38,1.0,0.13,0.49,0.0,0.0,0.08,3.0
0.0,0.75,0.29,0.9,0.67,1.0,0.83,0.8,0.94,0.58,1.0,0.36,0.88,0.14,0.56,0.0,3.0
0.7,1.0,0.35,0.72,0.1,0.44,0.1,0.14,0.68,0.0,1.0,0.26,0.65,0.53,0.0,0.63,6.0
1.0,0.85,0.57,1.0,0.44,0.74,0.9,0.76,0.93,0.54,0.82,0.15,0.41,0.0,0.0,0.2,9.0
0.78,0.75,0.51,1.0,0.08,0.75,0.47,0.58,0.85,0.6,1.0,0.2,0.64,0.0,0.0,0.01,9.0
0.02,0.59,0.0,0.86,0.41,1.0,1.0,1.0,0.88,0.79,0.59,0.55,0.38,0.28,0.35,0.0,7.0
0.83,0.85,0.17,0.98,0.37,0.57,0.94,0.19,0.38,0.0,0.0,0.38,0.65,0.71,1.0,1.0,8.0
0.48,0.97,0.89,1.0,0.77,0.71,0.49,0.46,0.16,0.23,0.0,0.0,0.5,0.03,1.0,0.07,2.0
0.0,0.96,0.45,0.98,1.0,1.0,0.97,0.83,0.77,0.62,0.6,0.39,0.52,0.17,0.55,0.0,7.0
0.55,1.0,0.16,0.79,0.0,0.39,0.05,0.0,0.61,0.01,1.0,0.31,0.67,0.61,0.05,0.67,0.0
0.59,0.61,0.91,1.0,0.37,0.92,0.36,0.46,0.45,0.0,0.0,0.06,0.35,0.36,1.0,0.38,8.0
0.09,0.67,0.32,1.0,0.58,0.79,0.43,0.42,0.17,0.08,0.0,0.0,0.49,0.12,1.0,0.01,2.0
0.63,0.81,0.95,1.0,0.95,0.62,0.66,0.26,0.21,0.0,0.0,0.15,0.48,0.35,1.0,0.15,2.0
1.0,0.96,0.42,1.0,0.08,0.76,0.0,0.43,0.55,0.42,0.92,0.2,0.62,0.0,0.06,0.08,5.0
1.0,1.0,0.51,0.81,0.07,0.61,0.0,0.42,0.67,0.51,0.51,0.46,0.23,0.23,0.09,0.0,4.0
0.78,0.7,1.0,1.0,0.53,0.91,0.59,0.75,0.92,0.86,0.63,0.57,0.32,0.28,0.0,0.0,9.0
0.58,1.0,0.12,0.77,0.0,0.59,0.62,0.6,1.0,0.77,0.85,0.59,0.61,0.3,0.36,0.0,4.0
0.0,1.0,0.54,0.93,0.57,0.77,0.57,0.61,0.61,0.46,0.61,0.3,0.68,0.14,1.0,0.0,1.0
0.59,0.89,0.42,0.23,0.29,0.42,0.25,1.0,1.0,0.82,0.75,0.46,0.98,0.0,0.0,0.03,3.0
0.0,0.76,0.63,0.91,1.0,1.0,0.9,0.8,0.73,0.6,0.57,0.4,0.5,0.2,0.6,0.0,1.0
0.13,0.76,0.64,1.0,0.87,0.72,0.52,0.35,0.11,0.0,0.0,0.15,0.35,0.37,1.0,0.36,7.0
0.53,0.64,0.73,1.0,0.7,0.83,0.67,0.42,0.36,0.11,0.0,0.0,0.49,0.04,1.0,0.09,1.0
0.87,1.0,0.54,0.64,0.0,0.31,0.09,0.25,0.96,0.33,1.0,0.65,0.7,0.38,0.41,0.0,4.0
0.48,0.74,0.88,0.95,1.0,1.0,0.78,0.75,0.66,0.49,0.64,0.23,0.32,0.0,0.0,0.01,1.0
0.64,0.92,0.03,1.0,0.25,0.62,0.44,0.23,0.0,0.0,0.01,0.3,0.55,0.58,1.0,0.9,8.0
0.63,1.0,0.45,0.97,0.0,0.78,0.0,0.61,0.49,0.44,1.0,0.47,0.63,0.24,0.37,0.0,4.0
0.06,0.82,0.49,1.0,1.0,0.89,0.7,0.63,0.3,0.4,0.85,0.26,0.6,0.04,0.0,0.0,3.0
0.57,1.0,0.0,0.83,0.48,0.72,1.0,0.93,0.89,0.74,0.67,0.47,0.48,0.21,0.56,0.0,9.0
0.8,0.86,0.46,1.0,0.0,0.78,0.42,0.57,1.0,0.75,0.98,0.62,0.88,0.29,0.75,0.0,9.0
0.0,0.81,0.15,1.0,0.2,0.76,0.19,0.52,0.24,0.28,0.71,0.21,0.88,0.23,1.0,0.0,4.0
0.6,0.91,0.0,0.85,0.19,0.37,0.82,0.27,0.31,0.0,0.03,0.3,0.4,0.74,1.0,1.0,5.0
0.0,0.84,0.18,0.85,0.71,1.0,1.0,0.91,0.93,0.68,0.87,0.45,0.81,0.23,0.84,0.0,1.0
